[0.000000] (-) TimerEvent: {}
[0.000132] (-) JobUnselected: {'identifier': 'drive_base_msgs'}
[0.000169] (-) JobUnselected: {'identifier': 'esp32_led_status'}
[0.000183] (-) JobUnselected: {'identifier': 'esp32_led_teleop'}
[0.000193] (-) JobUnselected: {'identifier': 'micro_ros_setup'}
[0.000203] (micro_ros_msgs) JobQueued: {'identifier': 'micro_ros_msgs', 'dependencies': OrderedDict()}
[0.000215] (micro_ros_agent) JobQueued: {'identifier': 'micro_ros_agent', 'dependencies': OrderedDict({'micro_ros_msgs': '/home/mouha/esp32_led_spacebar/ros2_ws/install/micro_ros_msgs'})}
[0.000926] (micro_ros_msgs) JobStarted: {'identifier': 'micro_ros_msgs'}
[0.006946] (micro_ros_msgs) JobProgress: {'identifier': 'micro_ros_msgs', 'progress': 'cmake'}
[0.007240] (micro_ros_msgs) Command: {'cmd': ['/usr/bin/cmake', '/home/mouha/esp32_led_spacebar/ros2_ws/src/uros/micro_ros_msgs', '-DUAGENT_BUILD_EXECUTABLE=OFF', '-DUAGENT_P2P_PROFILE=OFF', '--no-warn-unused-cli', '-DCMAKE_INSTALL_PREFIX=/home/mouha/esp32_led_spacebar/ros2_ws/install/micro_ros_msgs'], 'cwd': '/home/mouha/esp32_led_spacebar/ros2_ws/build/micro_ros_msgs', 'env': OrderedDict({'GJS_DEBUG_TOPICS': 'JS ERROR;JS LOG', 'XDG_ACTIVATION_TOKEN': 'gnome-shell/Terminator/2487-2-mouha-TUF_TIME2363106', 'LESSOPEN': '| /usr/bin/lesspipe %s', 'GZ_SIM_RESOURCE_PATH': '/opt/ros/jazzy/share', 'LANGUAGE': 'en_GB:en', 'USER': 'mouha', 'LC_TIME': 'en_GB.UTF-8', 'GZ_CONFIG_PATH': '/opt/ros/jazzy/opt/gz_sim_vendor/share/gz:/opt/ros/jazzy/opt/sdformat_vendor/share/gz:/opt/ros/jazzy/opt/gz_gui_vendor/share/gz:/opt/ros/jazzy/opt/gz_transport_vendor/share/gz:/opt/ros/jazzy/opt/gz_rendering_vendor/share/gz:/opt/ros/jazzy/opt/gz_plugin_vendor/share/gz:/opt/ros/jazzy/opt/gz_fuel_tools_vendor/share/gz:/opt/ros/jazzy/opt/gz_msgs_vendor/share/gz:/opt/ros/jazzy/opt/gz_common_vendor/share/gz', 'XDG_SESSION_TYPE': 'wayland', 'STM32CubeMX_PATH': '/home/mouha/STM32CubeMX', 'CLUTTER_DISABLE_MIPMAPPED_TEXT': '1', 'SHLVL': '2', 'LD_LIBRARY_PATH': '/opt/ros/jazzy/opt/gz_sim_vendor/lib:/opt/ros/jazzy/opt/gz_sensors_vendor/lib:/opt/ros/jazzy/opt/gz_physics_vendor/lib:/opt/ros/jazzy/opt/sdformat_vendor/lib:/opt/ros/jazzy/opt/rviz_ogre_vendor/lib:/opt/ros/jazzy/lib/x86_64-linux-gnu:/opt/ros/jazzy/opt/gz_gui_vendor/lib:/opt/ros/jazzy/opt/gz_transport_vendor/lib:/opt/ros/jazzy/opt/gz_rendering_vendor/lib:/opt/ros/jazzy/opt/gz_plugin_vendor/lib:/opt/ros/jazzy/opt/gz_fuel_tools_vendor/lib:/opt/ros/jazzy/opt/gz_msgs_vendor/lib:/opt/ros/jazzy/opt/gz_common_vendor/lib:/opt/ros/jazzy/opt/gz_math_vendor/lib:/opt/ros/jazzy/opt/gz_utils_vendor/lib:/opt/ros/jazzy/opt/gz_tools_vendor/lib:/opt/ros/jazzy/opt/gz_ogre_next_vendor/lib:/opt/ros/jazzy/opt/gz_dartsim_vendor/lib:/opt/ros/jazzy/opt/gz_cmake_vendor/lib:/opt/ros/jazzy/lib', 'HOME': '/home/mouha', 'OLDPWD': '/home/mouha/esp32_led_spacebar/ros2_ws/src', 'DESKTOP_SESSION': 'ubuntu', 'GIO_LAUNCHED_DESKTOP_FILE': '/usr/share/applications/terminator.desktop', 'ROS_PYTHON_VERSION': '3', 'GNOME_SHELL_SESSION_MODE': 'ubuntu', 'GTK_MODULES': 'gail:atk-bridge', 'LC_MONETARY': 'en_GB.UTF-8', 'MANAGERPID': '2192', 'SYSTEMD_EXEC_PID': '2487', 'GSM_SKIP_SSH_AGENT_WORKAROUND': 'true', 'DBUS_SESSION_BUS_ADDRESS': 'unix:path=/run/user/1000/bus', 'COLORTERM': 'truecolor', 'TERMINATOR_DBUS_NAME': 'net.tenshu.Terminator25ef4b219e3b005583550f2b0f9f990c3', 'GIO_LAUNCHED_DESKTOP_FILE_PID': '7814', 'DEBUGINFOD_URLS': 'https://debuginfod.ubuntu.com', 'IM_CONFIG_PHASE': '1', 'WAYLAND_DISPLAY': 'wayland-0', 'COLCON_PREFIX_PATH': '/home/mouha/esp32_led_spacebar/ros2_ws/install', 'ROS_DISTRO': 'jazzy', 'LOGNAME': 'mouha', 'JOURNAL_STREAM': '10:20923', '_': '/usr/bin/colcon', 'ROS_VERSION': '2', 'MEMORY_PRESSURE_WATCH': '/sys/fs/cgroup/user.slice/user-1000.slice/user@1000.service/session.slice/org.gnome.Shell@wayland.service/memory.pressure', 'XDG_SESSION_CLASS': 'user', 'USERNAME': 'mouha', 'TERM': 'xterm-256color', 'GNOME_DESKTOP_SESSION_ID': 'this-is-deprecated', 'PATH': '/opt/ros/jazzy/opt/gz_msgs_vendor/bin:/opt/ros/jazzy/opt/gz_tools_vendor/bin:/opt/ros/jazzy/opt/gz_ogre_next_vendor/bin:/opt/ros/jazzy/bin:/home/mouha/.local/bin:/usr/local/sbin:/usr/local/bin:/usr/sbin:/usr/bin:/sbin:/bin:/usr/games:/usr/local/games:/snap/bin:/snap/bin', 'SESSION_MANAGER': 'local/mouha-TUF:@/tmp/.ICE-unix/2418,unix/mouha-TUF:/tmp/.ICE-unix/2418', 'INVOCATION_ID': '67e6c3afeb654d8387a8f8aaa2a0514e', 'PAPERSIZE': 'a4', 'XDG_MENU_PREFIX': 'gnome-', 'LC_ADDRESS': 'en_GB.UTF-8', 'GNOME_SETUP_DISPLAY': ':1', 'XDG_RUNTIME_DIR': '/run/user/1000', 'DISPLAY': ':0', 'TERMINATOR_DBUS_PATH': '/net/tenshu/Terminator2', 'LANG': 'en_GB.UTF-8', 'XDG_CURRENT_DESKTOP': 'ubuntu:GNOME', 'LC_TELEPHONE': 'en_GB.UTF-8', 'XMODIFIERS': '@im=ibus', 'XDG_SESSION_DESKTOP': 'ubuntu', 'XAUTHORITY': '/run/user/1000/.mutter-Xwaylandauth.0KO1S3', 'LS_COLORS': 'rs=0:di=01;34:ln=01;36:mh=00:pi=40;33:so=01;35:do=01;35:bd=40;33;01:cd=40;33;01:or=40;31;01:mi=00:su=37;41:sg=30;43:ca=00:tw=30;42:ow=34;42:st=37;44:ex=01;32:*.tar=01;31:*.tgz=01;31:*.arc=01;31:*.arj=01;31:*.taz=01;31:*.lha=01;31:*.lz4=01;31:*.lzh=01;31:*.lzma=01;31:*.tlz=01;31:*.txz=01;31:*.tzo=01;31:*.t7z=01;31:*.zip=01;31:*.z=01;31:*.dz=01;31:*.gz=01;31:*.lrz=01;31:*.lz=01;31:*.lzo=01;31:*.xz=01;31:*.zst=01;31:*.tzst=01;31:*.bz2=01;31:*.bz=01;31:*.tbz=01;31:*.tbz2=01;31:*.tz=01;31:*.deb=01;31:*.rpm=01;31:*.jar=01;31:*.war=01;31:*.ear=01;31:*.sar=01;31:*.rar=01;31:*.alz=01;31:*.ace=01;31:*.zoo=01;31:*.cpio=01;31:*.7z=01;31:*.rz=01;31:*.cab=01;31:*.wim=01;31:*.swm=01;31:*.dwm=01;31:*.esd=01;31:*.avif=01;35:*.jpg=01;35:*.jpeg=01;35:*.mjpg=01;35:*.mjpeg=01;35:*.gif=01;35:*.bmp=01;35:*.pbm=01;35:*.pgm=01;35:*.ppm=01;35:*.tga=01;35:*.xbm=01;35:*.xpm=01;35:*.tif=01;35:*.tiff=01;35:*.png=01;35:*.svg=01;35:*.svgz=01;35:*.mng=01;35:*.pcx=01;35:*.mov=01;35:*.mpg=01;35:*.mpeg=01;35:*.m2v=01;35:*.mkv=01;35:*.webm=01;35:*.webp=01;35:*.ogm=01;35:*.mp4=01;35:*.m4v=01;35:*.mp4v=01;35:*.vob=01;35:*.qt=01;35:*.nuv=01;35:*.wmv=01;35:*.asf=01;35:*.rm=01;35:*.rmvb=01;35:*.flc=01;35:*.avi=01;35:*.fli=01;35:*.flv=01;35:*.gl=01;35:*.dl=01;35:*.xcf=01;35:*.xwd=01;35:*.yuv=01;35:*.cgm=01;35:*.emf=01;35:*.ogv=01;35:*.ogx=01;35:*.aac=00;36:*.au=00;36:*.flac=00;36:*.m4a=00;36:*.mid=00;36:*.midi=00;36:*.mka=00;36:*.mp3=00;36:*.mpc=00;36:*.ogg=00;36:*.ra=00;36:*.wav=00;36:*.oga=00;36:*.opus=00;36:*.spx=00;36:*.xspf=00;36:*~=00;90:*#=00;90:*.bak=00;90:*.crdownload=00;90:*.dpkg-dist=00;90:*.dpkg-new=00;90:*.dpkg-old=00;90:*.dpkg-tmp=00;90:*.old=00;90:*.orig=00;90:*.part=00;90:*.rej=00;90:*.rpmnew=00;90:*.rpmorig=00;90:*.rpmsave=00;90:*.swp=00;90:*.tmp=00;90:*.ucf-dist=00;90:*.ucf-new=00;90:*.ucf-old=00;90:', 'SSH_AUTH_SOCK': '/run/user/1000/keyring/ssh', 'AMENT_PREFIX_PATH': '/home/mouha/esp32_led_spacebar/ros2_ws/install/micro_ros_setup:/home/mouha/esp32_led_spacebar/ros2_ws/install/esp32_led_teleop:/home/mouha/esp32_led_spacebar/ros2_ws/install/esp32_led_status:/opt/ros/jazzy', 'SHELL': '/bin/bash', 'LC_NAME': 'en_GB.UTF-8', 'TERMINATOR_UUID': 'urn:uuid:26938286-87c2-49d8-a317-f8818f162ffe', 'QT_ACCESSIBILITY': '1', 'GDMSESSION': 'ubuntu', 'LESSCLOSE': '/usr/bin/lesspipe %s %s', 'LC_MEASUREMENT': 'en_GB.UTF-8', 'GJS_DEBUG_OUTPUT': 'stderr', 'LC_IDENTIFICATION': 'en_GB.UTF-8', 'ROS_AUTOMATIC_DISCOVERY_RANGE': 'SUBNET', 'QT_IM_MODULE': 'ibus', 'PWD': '/home/mouha/esp32_led_spacebar/ros2_ws/build/micro_ros_msgs', 'LC_ALL': 'en_US.UTF-8', 'XDG_CONFIG_DIRS': '/etc/xdg/xdg-ubuntu:/etc/xdg', 'XDG_DATA_DIRS': '/usr/share/ubuntu:/usr/share/gnome:/usr/local/share/:/usr/share/:/var/lib/snapd/desktop', 'QTWEBENGINE_DICTIONARIES_PATH': '/usr/share/hunspell-bdic/', 'PYTHONPATH': '/home/mouha/esp32_led_spacebar/ros2_ws/install/esp32_led_teleop/lib/python3.12/site-packages:/opt/ros/jazzy/lib/python3.12/site-packages', 'LC_NUMERIC': 'en_GB.UTF-8', 'LC_PAPER': 'en_GB.UTF-8', 'COLCON': '1', 'MEMORY_PRESSURE_WRITE': 'c29tZSAyMDAwMDAgMjAwMDAwMAA=', 'VTE_VERSION': '7600', 'CMAKE_PREFIX_PATH': '/home/mouha/esp32_led_spacebar/ros2_ws/install/micro_ros_setup:/home/mouha/esp32_led_spacebar/ros2_ws/install/esp32_led_status:/opt/ros/jazzy/opt/gz_sim_vendor:/opt/ros/jazzy/opt/gz_sensors_vendor:/opt/ros/jazzy/opt/gz_physics_vendor:/opt/ros/jazzy/opt/sdformat_vendor:/opt/ros/jazzy/opt/gz_gui_vendor:/opt/ros/jazzy/opt/gz_transport_vendor:/opt/ros/jazzy/opt/gz_rendering_vendor:/opt/ros/jazzy/opt/gz_plugin_vendor:/opt/ros/jazzy/opt/gz_fuel_tools_vendor:/opt/ros/jazzy/opt/gz_msgs_vendor:/opt/ros/jazzy/opt/gz_common_vendor:/opt/ros/jazzy/opt/gz_math_vendor:/opt/ros/jazzy/opt/gz_utils_vendor:/opt/ros/jazzy/opt/gz_tools_vendor:/opt/ros/jazzy/opt/gz_ogre_next_vendor:/opt/ros/jazzy/opt/gz_dartsim_vendor:/opt/ros/jazzy/opt/gz_cmake_vendor:/home/mouha/esp32_led_spacebar/ros2_ws/install/esp32_led_teleop:/opt/ros/jazzy'}), 'shell': False}
[0.013821] (micro_ros_msgs) StdoutLine: {'line': b'Not searching for unused variables given on the command line.\n'}
[0.047252] (micro_ros_msgs) StdoutLine: {'line': b'-- The C compiler identification is GNU 13.3.0\n'}
[0.086756] (micro_ros_msgs) StdoutLine: {'line': b'-- The CXX compiler identification is GNU 13.3.0\n'}
[0.098054] (micro_ros_msgs) StdoutLine: {'line': b'-- Detecting C compiler ABI info\n'}
[0.099745] (-) TimerEvent: {}
[0.160033] (micro_ros_msgs) StdoutLine: {'line': b'-- Detecting C compiler ABI info - done\n'}
[0.166642] (micro_ros_msgs) StdoutLine: {'line': b'-- Check for working C compiler: /usr/bin/cc - skipped\n'}
[0.166795] (micro_ros_msgs) StdoutLine: {'line': b'-- Detecting C compile features\n'}
[0.167102] (micro_ros_msgs) StdoutLine: {'line': b'-- Detecting C compile features - done\n'}
[0.173879] (micro_ros_msgs) StdoutLine: {'line': b'-- Detecting CXX compiler ABI info\n'}
[0.199852] (-) TimerEvent: {}
[0.245068] (micro_ros_msgs) StdoutLine: {'line': b'-- Detecting CXX compiler ABI info - done\n'}
[0.251962] (micro_ros_msgs) StdoutLine: {'line': b'-- Check for working CXX compiler: /usr/bin/c++ - skipped\n'}
[0.252196] (micro_ros_msgs) StdoutLine: {'line': b'-- Detecting CXX compile features\n'}
[0.252528] (micro_ros_msgs) StdoutLine: {'line': b'-- Detecting CXX compile features - done\n'}
[0.255428] (micro_ros_msgs) StdoutLine: {'line': b'-- Found ament_cmake: 2.5.6 (/opt/ros/jazzy/share/ament_cmake/cmake)\n'}
[0.299932] (-) TimerEvent: {}
[0.370403] (micro_ros_msgs) StdoutLine: {'line': b'-- Found Python3: /usr/bin/python3 (found version "3.12.3") found components: Interpreter \n'}
[0.400030] (-) TimerEvent: {}
[0.459451] (micro_ros_msgs) StdoutLine: {'line': b'-- Found rosidl_default_generators: 1.6.0 (/opt/ros/jazzy/share/rosidl_default_generators/cmake)\n'}
[0.465797] (micro_ros_msgs) StdoutLine: {'line': b'-- Using all available rosidl_typesupport_c: rosidl_typesupport_fastrtps_c;rosidl_typesupport_introspection_c\n'}
[0.500129] (-) TimerEvent: {}
[0.512797] (micro_ros_msgs) StdoutLine: {'line': b'-- Using all available rosidl_typesupport_cpp: rosidl_typesupport_fastrtps_cpp;rosidl_typesupport_introspection_cpp\n'}
[0.558749] (micro_ros_msgs) StdoutLine: {'line': b'-- Found rosidl_adapter: 4.6.7 (/opt/ros/jazzy/share/rosidl_adapter/cmake)\n'}
[0.563056] (micro_ros_msgs) StdoutLine: {'line': b'-- Found ament_lint_auto: 0.17.5 (/opt/ros/jazzy/share/ament_lint_auto/cmake)\n'}
[0.600211] (-) TimerEvent: {}
[0.700423] (-) TimerEvent: {}
[0.800646] (-) TimerEvent: {}
[0.900839] (-) TimerEvent: {}
[1.001044] (-) TimerEvent: {}
[1.012917] (micro_ros_msgs) StdoutLine: {'line': b'-- Found ament_cmake_ros: 0.12.0 (/opt/ros/jazzy/share/ament_cmake_ros/cmake)\n'}
[1.101147] (-) TimerEvent: {}
[1.201350] (-) TimerEvent: {}
[1.301573] (-) TimerEvent: {}
[1.334431] (micro_ros_msgs) StdoutLine: {'line': b'-- Using all available rosidl_typesupport_c: rosidl_typesupport_fastrtps_c;rosidl_typesupport_introspection_c\n'}
[1.401655] (-) TimerEvent: {}
[1.501976] (-) TimerEvent: {}
[1.602194] (-) TimerEvent: {}
[1.702410] (-) TimerEvent: {}
[1.747054] (micro_ros_msgs) StdoutLine: {'line': b'-- Using all available rosidl_typesupport_cpp: rosidl_typesupport_fastrtps_cpp;rosidl_typesupport_introspection_cpp\n'}
[1.750855] (micro_ros_msgs) StdoutLine: {'line': b'-- Found python_cmake_module: 0.11.1 (/opt/ros/jazzy/share/python_cmake_module/cmake)\n'}
[1.802507] (-) TimerEvent: {}
[1.848856] (micro_ros_msgs) StdoutLine: {'line': b'-- Found PythonExtra: /usr/bin/python3  \n'}
[1.902615] (-) TimerEvent: {}
[2.002842] (-) TimerEvent: {}
[2.103669] (-) TimerEvent: {}
[2.203917] (-) TimerEvent: {}
[2.236455] (micro_ros_msgs) StdoutLine: {'line': b'-- Found Python3: /usr/bin/python3 (found version "3.12.3") found components: Interpreter Development NumPy Development.Module Development.Embed \n'}
[2.284204] (micro_ros_msgs) StdoutLine: {'line': b'-- Found Python3: /usr/bin/python3 (found version "3.12.3") found components: Interpreter \n'}
[2.286982] (micro_ros_msgs) StdoutLine: {'line': b"-- Added test 'copyright' to check source files copyright and LICENSE\n"}
[2.291134] (micro_ros_msgs) StdoutLine: {'line': b"-- Added test 'lint_cmake' to check CMake code style\n"}
[2.293490] (micro_ros_msgs) StdoutLine: {'line': b"-- Added test 'xmllint' to check XML markup files\n"}
[2.298140] (micro_ros_msgs) StdoutLine: {'line': b'-- Configuring done (2.3s)\n'}
[2.304025] (-) TimerEvent: {}
[2.320822] (micro_ros_msgs) StdoutLine: {'line': b'-- Generating done (0.0s)\n'}
[2.328886] (micro_ros_msgs) StdoutLine: {'line': b'-- Build files have been written to: /home/mouha/esp32_led_spacebar/ros2_ws/build/micro_ros_msgs\n'}
[2.334934] (micro_ros_msgs) CommandEnded: {'returncode': 0}
[2.335328] (micro_ros_msgs) JobProgress: {'identifier': 'micro_ros_msgs', 'progress': 'build'}
[2.335718] (micro_ros_msgs) Command: {'cmd': ['/usr/bin/cmake', '--build', '/home/mouha/esp32_led_spacebar/ros2_ws/build/micro_ros_msgs', '--', '-j12', '-l12'], 'cwd': '/home/mouha/esp32_led_spacebar/ros2_ws/build/micro_ros_msgs', 'env': OrderedDict({'GJS_DEBUG_TOPICS': 'JS ERROR;JS LOG', 'XDG_ACTIVATION_TOKEN': 'gnome-shell/Terminator/2487-2-mouha-TUF_TIME2363106', 'LESSOPEN': '| /usr/bin/lesspipe %s', 'GZ_SIM_RESOURCE_PATH': '/opt/ros/jazzy/share', 'LANGUAGE': 'en_GB:en', 'USER': 'mouha', 'LC_TIME': 'en_GB.UTF-8', 'GZ_CONFIG_PATH': '/opt/ros/jazzy/opt/gz_sim_vendor/share/gz:/opt/ros/jazzy/opt/sdformat_vendor/share/gz:/opt/ros/jazzy/opt/gz_gui_vendor/share/gz:/opt/ros/jazzy/opt/gz_transport_vendor/share/gz:/opt/ros/jazzy/opt/gz_rendering_vendor/share/gz:/opt/ros/jazzy/opt/gz_plugin_vendor/share/gz:/opt/ros/jazzy/opt/gz_fuel_tools_vendor/share/gz:/opt/ros/jazzy/opt/gz_msgs_vendor/share/gz:/opt/ros/jazzy/opt/gz_common_vendor/share/gz', 'XDG_SESSION_TYPE': 'wayland', 'STM32CubeMX_PATH': '/home/mouha/STM32CubeMX', 'CLUTTER_DISABLE_MIPMAPPED_TEXT': '1', 'SHLVL': '2', 'LD_LIBRARY_PATH': '/opt/ros/jazzy/opt/gz_sim_vendor/lib:/opt/ros/jazzy/opt/gz_sensors_vendor/lib:/opt/ros/jazzy/opt/gz_physics_vendor/lib:/opt/ros/jazzy/opt/sdformat_vendor/lib:/opt/ros/jazzy/opt/rviz_ogre_vendor/lib:/opt/ros/jazzy/lib/x86_64-linux-gnu:/opt/ros/jazzy/opt/gz_gui_vendor/lib:/opt/ros/jazzy/opt/gz_transport_vendor/lib:/opt/ros/jazzy/opt/gz_rendering_vendor/lib:/opt/ros/jazzy/opt/gz_plugin_vendor/lib:/opt/ros/jazzy/opt/gz_fuel_tools_vendor/lib:/opt/ros/jazzy/opt/gz_msgs_vendor/lib:/opt/ros/jazzy/opt/gz_common_vendor/lib:/opt/ros/jazzy/opt/gz_math_vendor/lib:/opt/ros/jazzy/opt/gz_utils_vendor/lib:/opt/ros/jazzy/opt/gz_tools_vendor/lib:/opt/ros/jazzy/opt/gz_ogre_next_vendor/lib:/opt/ros/jazzy/opt/gz_dartsim_vendor/lib:/opt/ros/jazzy/opt/gz_cmake_vendor/lib:/opt/ros/jazzy/lib', 'HOME': '/home/mouha', 'OLDPWD': '/home/mouha/esp32_led_spacebar/ros2_ws/src', 'DESKTOP_SESSION': 'ubuntu', 'GIO_LAUNCHED_DESKTOP_FILE': '/usr/share/applications/terminator.desktop', 'ROS_PYTHON_VERSION': '3', 'GNOME_SHELL_SESSION_MODE': 'ubuntu', 'GTK_MODULES': 'gail:atk-bridge', 'LC_MONETARY': 'en_GB.UTF-8', 'MANAGERPID': '2192', 'SYSTEMD_EXEC_PID': '2487', 'GSM_SKIP_SSH_AGENT_WORKAROUND': 'true', 'DBUS_SESSION_BUS_ADDRESS': 'unix:path=/run/user/1000/bus', 'COLORTERM': 'truecolor', 'TERMINATOR_DBUS_NAME': 'net.tenshu.Terminator25ef4b219e3b005583550f2b0f9f990c3', 'GIO_LAUNCHED_DESKTOP_FILE_PID': '7814', 'DEBUGINFOD_URLS': 'https://debuginfod.ubuntu.com', 'IM_CONFIG_PHASE': '1', 'WAYLAND_DISPLAY': 'wayland-0', 'COLCON_PREFIX_PATH': '/home/mouha/esp32_led_spacebar/ros2_ws/install', 'ROS_DISTRO': 'jazzy', 'LOGNAME': 'mouha', 'JOURNAL_STREAM': '10:20923', '_': '/usr/bin/colcon', 'ROS_VERSION': '2', 'MEMORY_PRESSURE_WATCH': '/sys/fs/cgroup/user.slice/user-1000.slice/user@1000.service/session.slice/org.gnome.Shell@wayland.service/memory.pressure', 'XDG_SESSION_CLASS': 'user', 'USERNAME': 'mouha', 'TERM': 'xterm-256color', 'GNOME_DESKTOP_SESSION_ID': 'this-is-deprecated', 'PATH': '/opt/ros/jazzy/opt/gz_msgs_vendor/bin:/opt/ros/jazzy/opt/gz_tools_vendor/bin:/opt/ros/jazzy/opt/gz_ogre_next_vendor/bin:/opt/ros/jazzy/bin:/home/mouha/.local/bin:/usr/local/sbin:/usr/local/bin:/usr/sbin:/usr/bin:/sbin:/bin:/usr/games:/usr/local/games:/snap/bin:/snap/bin', 'SESSION_MANAGER': 'local/mouha-TUF:@/tmp/.ICE-unix/2418,unix/mouha-TUF:/tmp/.ICE-unix/2418', 'INVOCATION_ID': '67e6c3afeb654d8387a8f8aaa2a0514e', 'PAPERSIZE': 'a4', 'XDG_MENU_PREFIX': 'gnome-', 'LC_ADDRESS': 'en_GB.UTF-8', 'GNOME_SETUP_DISPLAY': ':1', 'XDG_RUNTIME_DIR': '/run/user/1000', 'DISPLAY': ':0', 'TERMINATOR_DBUS_PATH': '/net/tenshu/Terminator2', 'LANG': 'en_GB.UTF-8', 'XDG_CURRENT_DESKTOP': 'ubuntu:GNOME', 'LC_TELEPHONE': 'en_GB.UTF-8', 'XMODIFIERS': '@im=ibus', 'XDG_SESSION_DESKTOP': 'ubuntu', 'XAUTHORITY': '/run/user/1000/.mutter-Xwaylandauth.0KO1S3', 'LS_COLORS': 'rs=0:di=01;34:ln=01;36:mh=00:pi=40;33:so=01;35:do=01;35:bd=40;33;01:cd=40;33;01:or=40;31;01:mi=00:su=37;41:sg=30;43:ca=00:tw=30;42:ow=34;42:st=37;44:ex=01;32:*.tar=01;31:*.tgz=01;31:*.arc=01;31:*.arj=01;31:*.taz=01;31:*.lha=01;31:*.lz4=01;31:*.lzh=01;31:*.lzma=01;31:*.tlz=01;31:*.txz=01;31:*.tzo=01;31:*.t7z=01;31:*.zip=01;31:*.z=01;31:*.dz=01;31:*.gz=01;31:*.lrz=01;31:*.lz=01;31:*.lzo=01;31:*.xz=01;31:*.zst=01;31:*.tzst=01;31:*.bz2=01;31:*.bz=01;31:*.tbz=01;31:*.tbz2=01;31:*.tz=01;31:*.deb=01;31:*.rpm=01;31:*.jar=01;31:*.war=01;31:*.ear=01;31:*.sar=01;31:*.rar=01;31:*.alz=01;31:*.ace=01;31:*.zoo=01;31:*.cpio=01;31:*.7z=01;31:*.rz=01;31:*.cab=01;31:*.wim=01;31:*.swm=01;31:*.dwm=01;31:*.esd=01;31:*.avif=01;35:*.jpg=01;35:*.jpeg=01;35:*.mjpg=01;35:*.mjpeg=01;35:*.gif=01;35:*.bmp=01;35:*.pbm=01;35:*.pgm=01;35:*.ppm=01;35:*.tga=01;35:*.xbm=01;35:*.xpm=01;35:*.tif=01;35:*.tiff=01;35:*.png=01;35:*.svg=01;35:*.svgz=01;35:*.mng=01;35:*.pcx=01;35:*.mov=01;35:*.mpg=01;35:*.mpeg=01;35:*.m2v=01;35:*.mkv=01;35:*.webm=01;35:*.webp=01;35:*.ogm=01;35:*.mp4=01;35:*.m4v=01;35:*.mp4v=01;35:*.vob=01;35:*.qt=01;35:*.nuv=01;35:*.wmv=01;35:*.asf=01;35:*.rm=01;35:*.rmvb=01;35:*.flc=01;35:*.avi=01;35:*.fli=01;35:*.flv=01;35:*.gl=01;35:*.dl=01;35:*.xcf=01;35:*.xwd=01;35:*.yuv=01;35:*.cgm=01;35:*.emf=01;35:*.ogv=01;35:*.ogx=01;35:*.aac=00;36:*.au=00;36:*.flac=00;36:*.m4a=00;36:*.mid=00;36:*.midi=00;36:*.mka=00;36:*.mp3=00;36:*.mpc=00;36:*.ogg=00;36:*.ra=00;36:*.wav=00;36:*.oga=00;36:*.opus=00;36:*.spx=00;36:*.xspf=00;36:*~=00;90:*#=00;90:*.bak=00;90:*.crdownload=00;90:*.dpkg-dist=00;90:*.dpkg-new=00;90:*.dpkg-old=00;90:*.dpkg-tmp=00;90:*.old=00;90:*.orig=00;90:*.part=00;90:*.rej=00;90:*.rpmnew=00;90:*.rpmorig=00;90:*.rpmsave=00;90:*.swp=00;90:*.tmp=00;90:*.ucf-dist=00;90:*.ucf-new=00;90:*.ucf-old=00;90:', 'SSH_AUTH_SOCK': '/run/user/1000/keyring/ssh', 'AMENT_PREFIX_PATH': '/home/mouha/esp32_led_spacebar/ros2_ws/install/micro_ros_setup:/home/mouha/esp32_led_spacebar/ros2_ws/install/esp32_led_teleop:/home/mouha/esp32_led_spacebar/ros2_ws/install/esp32_led_status:/opt/ros/jazzy', 'SHELL': '/bin/bash', 'LC_NAME': 'en_GB.UTF-8', 'TERMINATOR_UUID': 'urn:uuid:26938286-87c2-49d8-a317-f8818f162ffe', 'QT_ACCESSIBILITY': '1', 'GDMSESSION': 'ubuntu', 'LESSCLOSE': '/usr/bin/lesspipe %s %s', 'LC_MEASUREMENT': 'en_GB.UTF-8', 'GJS_DEBUG_OUTPUT': 'stderr', 'LC_IDENTIFICATION': 'en_GB.UTF-8', 'ROS_AUTOMATIC_DISCOVERY_RANGE': 'SUBNET', 'QT_IM_MODULE': 'ibus', 'PWD': '/home/mouha/esp32_led_spacebar/ros2_ws/build/micro_ros_msgs', 'LC_ALL': 'en_US.UTF-8', 'XDG_CONFIG_DIRS': '/etc/xdg/xdg-ubuntu:/etc/xdg', 'XDG_DATA_DIRS': '/usr/share/ubuntu:/usr/share/gnome:/usr/local/share/:/usr/share/:/var/lib/snapd/desktop', 'QTWEBENGINE_DICTIONARIES_PATH': '/usr/share/hunspell-bdic/', 'PYTHONPATH': '/home/mouha/esp32_led_spacebar/ros2_ws/install/esp32_led_teleop/lib/python3.12/site-packages:/opt/ros/jazzy/lib/python3.12/site-packages', 'LC_NUMERIC': 'en_GB.UTF-8', 'LC_PAPER': 'en_GB.UTF-8', 'COLCON': '1', 'MEMORY_PRESSURE_WRITE': 'c29tZSAyMDAwMDAgMjAwMDAwMAA=', 'VTE_VERSION': '7600', 'CMAKE_PREFIX_PATH': '/home/mouha/esp32_led_spacebar/ros2_ws/install/micro_ros_setup:/home/mouha/esp32_led_spacebar/ros2_ws/install/esp32_led_status:/opt/ros/jazzy/opt/gz_sim_vendor:/opt/ros/jazzy/opt/gz_sensors_vendor:/opt/ros/jazzy/opt/gz_physics_vendor:/opt/ros/jazzy/opt/sdformat_vendor:/opt/ros/jazzy/opt/gz_gui_vendor:/opt/ros/jazzy/opt/gz_transport_vendor:/opt/ros/jazzy/opt/gz_rendering_vendor:/opt/ros/jazzy/opt/gz_plugin_vendor:/opt/ros/jazzy/opt/gz_fuel_tools_vendor:/opt/ros/jazzy/opt/gz_msgs_vendor:/opt/ros/jazzy/opt/gz_common_vendor:/opt/ros/jazzy/opt/gz_math_vendor:/opt/ros/jazzy/opt/gz_utils_vendor:/opt/ros/jazzy/opt/gz_tools_vendor:/opt/ros/jazzy/opt/gz_ogre_next_vendor:/opt/ros/jazzy/opt/gz_dartsim_vendor:/opt/ros/jazzy/opt/gz_cmake_vendor:/home/mouha/esp32_led_spacebar/ros2_ws/install/esp32_led_teleop:/opt/ros/jazzy'}), 'shell': False}
[2.373473] (micro_ros_msgs) StdoutLine: {'line': b'[  3%] \x1b[34m\x1b[1mGenerating type hashes for ROS interfaces\x1b[0m\n'}
[2.373822] (micro_ros_msgs) StdoutLine: {'line': b'[  3%] \x1b[34m\x1b[1mGenerating Rust code for ROS interfaces\x1b[0m\n'}
[2.379931] (micro_ros_msgs) StdoutLine: {'line': b'[  3%] Built target ament_cmake_python_copy_micro_ros_msgs\n'}
[2.404121] (-) TimerEvent: {}
[2.504357] (-) TimerEvent: {}
[2.553028] (micro_ros_msgs) StdoutLine: {'line': b'running egg_info\n'}
[2.553945] (micro_ros_msgs) StdoutLine: {'line': b'creating micro_ros_msgs.egg-info\n'}
[2.560685] (micro_ros_msgs) StdoutLine: {'line': b'[  3%] Built target micro_ros_msgs__rosidl_generator_type_description\n'}
[2.569313] (micro_ros_msgs) StdoutLine: {'line': b'[  5%] \x1b[34m\x1b[1mGenerating C code for ROS interfaces\x1b[0m\n'}
[2.570980] (micro_ros_msgs) StdoutLine: {'line': b'writing micro_ros_msgs.egg-info/PKG-INFO\n'}
[2.571154] (micro_ros_msgs) StdoutLine: {'line': b'writing dependency_links to micro_ros_msgs.egg-info/dependency_links.txt\n'}
[2.571261] (micro_ros_msgs) StdoutLine: {'line': b'writing top-level names to micro_ros_msgs.egg-info/top_level.txt\n'}
[2.571355] (micro_ros_msgs) StdoutLine: {'line': b"writing manifest file 'micro_ros_msgs.egg-info/SOURCES.txt'\n"}
[2.572760] (micro_ros_msgs) StdoutLine: {'line': b'[  5%] Built target micro_ros_msgs__rs\n'}
[2.578002] (micro_ros_msgs) StdoutLine: {'line': b'[  7%] \x1b[34m\x1b[1mGenerating C++ code for ROS interfaces\x1b[0m\n'}
[2.604455] (-) TimerEvent: {}
[2.621904] (micro_ros_msgs) StdoutLine: {'line': b"reading manifest file 'micro_ros_msgs.egg-info/SOURCES.txt'\n"}
[2.622292] (micro_ros_msgs) StdoutLine: {'line': b"writing manifest file 'micro_ros_msgs.egg-info/SOURCES.txt'\n"}
[2.647256] (micro_ros_msgs) StdoutLine: {'line': b'[  7%] Built target ament_cmake_python_build_micro_ros_msgs_egg\n'}
[2.704545] (-) TimerEvent: {}
[2.804759] (-) TimerEvent: {}
[2.833107] (micro_ros_msgs) StdoutLine: {'line': b'[  7%] Built target micro_ros_msgs__cpp\n'}
[2.881922] (micro_ros_msgs) StdoutLine: {'line': b'[ 12%] \x1b[32mBuilding C object CMakeFiles/micro_ros_msgs__rosidl_generator_c.dir/rosidl_generator_c/micro_ros_msgs/msg/detail/node__functions.c.o\x1b[0m\n'}
[2.882137] (micro_ros_msgs) StdoutLine: {'line': b'[ 12%] \x1b[32mBuilding C object CMakeFiles/micro_ros_msgs__rosidl_generator_c.dir/rosidl_generator_c/micro_ros_msgs/msg/detail/node__description.c.o\x1b[0m\n'}
[2.882224] (micro_ros_msgs) StdoutLine: {'line': b'[ 12%] \x1b[32mBuilding C object CMakeFiles/micro_ros_msgs__rosidl_generator_c.dir/rosidl_generator_c/micro_ros_msgs/msg/detail/graph__functions.c.o\x1b[0m\n'}
[2.882512] (micro_ros_msgs) StdoutLine: {'line': b'[ 14%] \x1b[32mBuilding C object CMakeFiles/micro_ros_msgs__rosidl_generator_c.dir/rosidl_generator_c/micro_ros_msgs/msg/detail/graph__description.c.o\x1b[0m\n'}
[2.884757] (micro_ros_msgs) StdoutLine: {'line': b'[ 16%] \x1b[32mBuilding C object CMakeFiles/micro_ros_msgs__rosidl_generator_c.dir/rosidl_generator_c/micro_ros_msgs/msg/detail/graph__type_support.c.o\x1b[0m\n'}
[2.884876] (micro_ros_msgs) StdoutLine: {'line': b'[ 18%] \x1b[32mBuilding C object CMakeFiles/micro_ros_msgs__rosidl_generator_c.dir/rosidl_generator_c/micro_ros_msgs/msg/detail/node__type_support.c.o\x1b[0m\n'}
[2.884963] (micro_ros_msgs) StdoutLine: {'line': b'[ 20%] \x1b[32mBuilding C object CMakeFiles/micro_ros_msgs__rosidl_generator_c.dir/rosidl_generator_c/micro_ros_msgs/msg/detail/entity__functions.c.o\x1b[0m\n'}
[2.885048] (micro_ros_msgs) StdoutLine: {'line': b'[ 21%] \x1b[32mBuilding C object CMakeFiles/micro_ros_msgs__rosidl_generator_c.dir/rosidl_generator_c/micro_ros_msgs/msg/detail/entity__description.c.o\x1b[0m\n'}
[2.885125] (micro_ros_msgs) StdoutLine: {'line': b'[ 23%] \x1b[32mBuilding C object CMakeFiles/micro_ros_msgs__rosidl_generator_c.dir/rosidl_generator_c/micro_ros_msgs/msg/detail/entity__type_support.c.o\x1b[0m\n'}
[2.904913] (-) TimerEvent: {}
[2.929271] (micro_ros_msgs) StdoutLine: {'line': b'[ 25%] \x1b[32m\x1b[1mLinking C shared library libmicro_ros_msgs__rosidl_generator_c.so\x1b[0m\n'}
[2.956338] (micro_ros_msgs) StdoutLine: {'line': b'[ 25%] Built target micro_ros_msgs__rosidl_generator_c\n'}
[2.964063] (micro_ros_msgs) StdoutLine: {'line': b'[ 32%] \x1b[34m\x1b[1mGenerating C type support for eProsima Fast-RTPS\x1b[0m\n'}
[2.964287] (micro_ros_msgs) StdoutLine: {'line': b'[ 32%] \x1b[34m\x1b[1mGenerating C type support dispatch for ROS interfaces\x1b[0m\n'}
[2.964376] (micro_ros_msgs) StdoutLine: {'line': b'[ 32%] \x1b[34m\x1b[1mGenerating C++ introspection for ROS interfaces\x1b[0m\n'}
[2.964454] (micro_ros_msgs) StdoutLine: {'line': b'[ 32%] \x1b[34m\x1b[1mGenerating C++ type support dispatch for ROS interfaces\x1b[0m\n'}
[2.964565] (micro_ros_msgs) StdoutLine: {'line': b'[ 36%] \x1b[34m\x1b[1mGenerating C++ type support for eProsima Fast-RTPS\x1b[0m\n'}
[2.964649] (micro_ros_msgs) StdoutLine: {'line': b'[ 36%] \x1b[34m\x1b[1mGenerating C introspection for ROS interfaces\x1b[0m\n'}
[3.004993] (-) TimerEvent: {}
[3.105225] (-) TimerEvent: {}
[3.205443] (-) TimerEvent: {}
[3.226028] (micro_ros_msgs) StdoutLine: {'line': b'[ 40%] \x1b[32mBuilding C object CMakeFiles/micro_ros_msgs__rosidl_typesupport_introspection_c.dir/rosidl_typesupport_introspection_c/micro_ros_msgs/msg/detail/entity__type_support.c.o\x1b[0m\n'}
[3.226256] (micro_ros_msgs) StdoutLine: {'line': b'[ 40%] \x1b[32mBuilding C object CMakeFiles/micro_ros_msgs__rosidl_typesupport_introspection_c.dir/rosidl_typesupport_introspection_c/micro_ros_msgs/msg/detail/node__type_support.c.o\x1b[0m\n'}
[3.226591] (micro_ros_msgs) StdoutLine: {'line': b'[ 41%] \x1b[32mBuilding C object CMakeFiles/micro_ros_msgs__rosidl_typesupport_introspection_c.dir/rosidl_typesupport_introspection_c/micro_ros_msgs/msg/detail/graph__type_support.c.o\x1b[0m\n'}
[3.235712] (micro_ros_msgs) StdoutLine: {'line': b'[ 43%] \x1b[32mBuilding CXX object CMakeFiles/micro_ros_msgs__rosidl_typesupport_c.dir/rosidl_typesupport_c/micro_ros_msgs/msg/graph__type_support.cpp.o\x1b[0m\n'}
[3.236208] (micro_ros_msgs) StdoutLine: {'line': b'[ 45%] \x1b[32mBuilding CXX object CMakeFiles/micro_ros_msgs__rosidl_typesupport_c.dir/rosidl_typesupport_c/micro_ros_msgs/msg/entity__type_support.cpp.o\x1b[0m\n'}
[3.236749] (micro_ros_msgs) StdoutLine: {'line': b'[ 47%] \x1b[32mBuilding CXX object CMakeFiles/micro_ros_msgs__rosidl_typesupport_c.dir/rosidl_typesupport_c/micro_ros_msgs/msg/node__type_support.cpp.o\x1b[0m\n'}
[3.272700] (micro_ros_msgs) StdoutLine: {'line': b'[ 49%] \x1b[32m\x1b[1mLinking C shared library libmicro_ros_msgs__rosidl_typesupport_introspection_c.so\x1b[0m\n'}
[3.287719] (micro_ros_msgs) StdoutLine: {'line': b'[ 50%] \x1b[32m\x1b[1mLinking CXX shared library libmicro_ros_msgs__rosidl_typesupport_c.so\x1b[0m\n'}
[3.291022] (micro_ros_msgs) StdoutLine: {'line': b'[ 52%] \x1b[32mBuilding CXX object CMakeFiles/micro_ros_msgs__rosidl_typesupport_fastrtps_c.dir/rosidl_typesupport_fastrtps_c/micro_ros_msgs/msg/detail/node__type_support_c.cpp.o\x1b[0m\n'}
[3.292263] (micro_ros_msgs) StdoutLine: {'line': b'[ 54%] \x1b[32mBuilding CXX object CMakeFiles/micro_ros_msgs__rosidl_typesupport_fastrtps_c.dir/rosidl_typesupport_fastrtps_c/micro_ros_msgs/msg/detail/entity__type_support_c.cpp.o\x1b[0m\n'}
[3.293634] (micro_ros_msgs) StdoutLine: {'line': b'[ 56%] \x1b[32mBuilding CXX object CMakeFiles/micro_ros_msgs__rosidl_typesupport_fastrtps_c.dir/rosidl_typesupport_fastrtps_c/micro_ros_msgs/msg/detail/graph__type_support_c.cpp.o\x1b[0m\n'}
[3.305552] (-) TimerEvent: {}
[3.306896] (micro_ros_msgs) StdoutLine: {'line': b'[ 56%] Built target micro_ros_msgs__rosidl_typesupport_introspection_c\n'}
[3.314240] (micro_ros_msgs) StdoutLine: {'line': b'[ 60%] \x1b[32mBuilding CXX object CMakeFiles/micro_ros_msgs__rosidl_typesupport_fastrtps_cpp.dir/rosidl_typesupport_fastrtps_cpp/micro_ros_msgs/msg/detail/dds_fastrtps/entity__type_support.cpp.o\x1b[0m\n'}
[3.314495] (micro_ros_msgs) StdoutLine: {'line': b'[ 60%] \x1b[32mBuilding CXX object CMakeFiles/micro_ros_msgs__rosidl_typesupport_fastrtps_cpp.dir/rosidl_typesupport_fastrtps_cpp/micro_ros_msgs/msg/detail/dds_fastrtps/node__type_support.cpp.o\x1b[0m\n'}
[3.314659] (micro_ros_msgs) StdoutLine: {'line': b'[ 61%] \x1b[32mBuilding CXX object CMakeFiles/micro_ros_msgs__rosidl_typesupport_fastrtps_cpp.dir/rosidl_typesupport_fastrtps_cpp/micro_ros_msgs/msg/detail/dds_fastrtps/graph__type_support.cpp.o\x1b[0m\n'}
[3.340777] (micro_ros_msgs) StdoutLine: {'line': b'[ 61%] Built target micro_ros_msgs__rosidl_typesupport_c\n'}
[3.372557] (micro_ros_msgs) StdoutLine: {'line': b'[ 63%] \x1b[32mBuilding CXX object CMakeFiles/micro_ros_msgs__rosidl_typesupport_cpp.dir/rosidl_typesupport_cpp/micro_ros_msgs/msg/graph__type_support.cpp.o\x1b[0m\n'}
[3.372856] (micro_ros_msgs) StdoutLine: {'line': b'[ 65%] \x1b[32mBuilding CXX object CMakeFiles/micro_ros_msgs__rosidl_typesupport_cpp.dir/rosidl_typesupport_cpp/micro_ros_msgs/msg/entity__type_support.cpp.o\x1b[0m\n'}
[3.373007] (micro_ros_msgs) StdoutLine: {'line': b'[ 67%] \x1b[32mBuilding CXX object CMakeFiles/micro_ros_msgs__rosidl_typesupport_cpp.dir/rosidl_typesupport_cpp/micro_ros_msgs/msg/node__type_support.cpp.o\x1b[0m\n'}
[3.402840] (micro_ros_msgs) StdoutLine: {'line': b'[ 69%] \x1b[32mBuilding CXX object CMakeFiles/micro_ros_msgs__rosidl_typesupport_introspection_cpp.dir/rosidl_typesupport_introspection_cpp/micro_ros_msgs/msg/detail/node__type_support.cpp.o\x1b[0m\n'}
[3.403487] (micro_ros_msgs) StdoutLine: {'line': b'[ 70%] \x1b[32mBuilding CXX object CMakeFiles/micro_ros_msgs__rosidl_typesupport_introspection_cpp.dir/rosidl_typesupport_introspection_cpp/micro_ros_msgs/msg/detail/entity__type_support.cpp.o\x1b[0m\n'}
[3.405663] (-) TimerEvent: {}
[3.405913] (micro_ros_msgs) StdoutLine: {'line': b'[ 72%] \x1b[32mBuilding CXX object CMakeFiles/micro_ros_msgs__rosidl_typesupport_introspection_cpp.dir/rosidl_typesupport_introspection_cpp/micro_ros_msgs/msg/detail/graph__type_support.cpp.o\x1b[0m\n'}
[3.505801] (-) TimerEvent: {}
[3.607843] (-) TimerEvent: {}
[3.709004] (-) TimerEvent: {}
[3.809364] (-) TimerEvent: {}
[3.834318] (micro_ros_msgs) StdoutLine: {'line': b'[ 74%] \x1b[32m\x1b[1mLinking CXX shared library libmicro_ros_msgs__rosidl_typesupport_cpp.so\x1b[0m\n'}
[3.870763] (micro_ros_msgs) StdoutLine: {'line': b'[ 74%] Built target micro_ros_msgs__rosidl_typesupport_cpp\n'}
[3.885166] (micro_ros_msgs) StdoutLine: {'line': b'[ 76%] \x1b[32m\x1b[1mLinking CXX shared library libmicro_ros_msgs__rosidl_typesupport_fastrtps_c.so\x1b[0m\n'}
[3.909474] (-) TimerEvent: {}
[3.947368] (micro_ros_msgs) StdoutLine: {'line': b'[ 76%] Built target micro_ros_msgs__rosidl_typesupport_fastrtps_c\n'}
[3.951517] (micro_ros_msgs) StdoutLine: {'line': b'[ 78%] \x1b[32m\x1b[1mLinking CXX shared library libmicro_ros_msgs__rosidl_typesupport_fastrtps_cpp.so\x1b[0m\n'}
[3.988818] (micro_ros_msgs) StdoutLine: {'line': b'[ 80%] \x1b[32m\x1b[1mLinking CXX shared library libmicro_ros_msgs__rosidl_typesupport_introspection_cpp.so\x1b[0m\n'}
[4.009587] (-) TimerEvent: {}
[4.012798] (micro_ros_msgs) StdoutLine: {'line': b'[ 80%] Built target micro_ros_msgs__rosidl_typesupport_fastrtps_cpp\n'}
[4.047417] (micro_ros_msgs) StdoutLine: {'line': b'[ 80%] Built target micro_ros_msgs__rosidl_typesupport_introspection_cpp\n'}
[4.062827] (micro_ros_msgs) StdoutLine: {'line': b'[ 80%] Built target micro_ros_msgs\n'}
[4.077780] (micro_ros_msgs) StdoutLine: {'line': b'[ 81%] \x1b[34m\x1b[1mGenerating Python code for ROS interfaces\x1b[0m\n'}
[4.109677] (-) TimerEvent: {}
[4.209876] (-) TimerEvent: {}
[4.310090] (-) TimerEvent: {}
[4.404910] (micro_ros_msgs) StdoutLine: {'line': b'[ 81%] Built target micro_ros_msgs__py\n'}
[4.410187] (-) TimerEvent: {}
[4.420124] (micro_ros_msgs) StdoutLine: {'line': b'[ 87%] \x1b[32mBuilding C object CMakeFiles/micro_ros_msgs__rosidl_generator_py.dir/rosidl_generator_py/micro_ros_msgs/msg/_node_s.c.o\x1b[0m\n'}
[4.420281] (micro_ros_msgs) StdoutLine: {'line': b'[ 87%] \x1b[32mBuilding C object CMakeFiles/micro_ros_msgs__rosidl_generator_py.dir/rosidl_generator_py/micro_ros_msgs/msg/_entity_s.c.o\x1b[0m\n'}
[4.420334] (micro_ros_msgs) StdoutLine: {'line': b'[ 87%] \x1b[32mBuilding C object CMakeFiles/micro_ros_msgs__rosidl_generator_py.dir/rosidl_generator_py/micro_ros_msgs/msg/_graph_s.c.o\x1b[0m\n'}
[4.510296] (-) TimerEvent: {}
[4.510870] (micro_ros_msgs) StdoutLine: {'line': b'[ 89%] \x1b[32m\x1b[1mLinking C shared library libmicro_ros_msgs__rosidl_generator_py.so\x1b[0m\n'}
[4.539976] (micro_ros_msgs) StdoutLine: {'line': b'[ 89%] Built target micro_ros_msgs__rosidl_generator_py\n'}
[4.555767] (micro_ros_msgs) StdoutLine: {'line': b'[ 94%] \x1b[32mBuilding C object CMakeFiles/micro_ros_msgs_s__rosidl_typesupport_fastrtps_c.dir/rosidl_generator_py/micro_ros_msgs/_micro_ros_msgs_s.ep.rosidl_typesupport_fastrtps_c.c.o\x1b[0m\n'}
[4.555933] (micro_ros_msgs) StdoutLine: {'line': b'[ 94%] \x1b[32mBuilding C object CMakeFiles/micro_ros_msgs_s__rosidl_typesupport_c.dir/rosidl_generator_py/micro_ros_msgs/_micro_ros_msgs_s.ep.rosidl_typesupport_c.c.o\x1b[0m\n'}
[4.555988] (micro_ros_msgs) StdoutLine: {'line': b'[ 94%] \x1b[32mBuilding C object CMakeFiles/micro_ros_msgs_s__rosidl_typesupport_introspection_c.dir/rosidl_generator_py/micro_ros_msgs/_micro_ros_msgs_s.ep.rosidl_typesupport_introspection_c.c.o\x1b[0m\n'}
[4.610407] (-) TimerEvent: {}
[4.629213] (micro_ros_msgs) StdoutLine: {'line': b'[ 98%] \x1b[32m\x1b[1mLinking C shared module rosidl_generator_py/micro_ros_msgs/micro_ros_msgs_s__rosidl_typesupport_c.so\x1b[0m\n'}
[4.629374] (micro_ros_msgs) StdoutLine: {'line': b'[ 98%] \x1b[32m\x1b[1mLinking C shared module rosidl_generator_py/micro_ros_msgs/micro_ros_msgs_s__rosidl_typesupport_introspection_c.so\x1b[0m\n'}
[4.631336] (micro_ros_msgs) StdoutLine: {'line': b'[100%] \x1b[32m\x1b[1mLinking C shared module rosidl_generator_py/micro_ros_msgs/micro_ros_msgs_s__rosidl_typesupport_fastrtps_c.so\x1b[0m\n'}
[4.653572] (micro_ros_msgs) StdoutLine: {'line': b'[100%] Built target micro_ros_msgs_s__rosidl_typesupport_c\n'}
[4.653800] (micro_ros_msgs) StdoutLine: {'line': b'[100%] Built target micro_ros_msgs_s__rosidl_typesupport_fastrtps_c\n'}
[4.654169] (micro_ros_msgs) StdoutLine: {'line': b'[100%] Built target micro_ros_msgs_s__rosidl_typesupport_introspection_c\n'}
[4.663116] (micro_ros_msgs) CommandEnded: {'returncode': 0}
[4.663619] (micro_ros_msgs) JobProgress: {'identifier': 'micro_ros_msgs', 'progress': 'install'}
[4.670420] (micro_ros_msgs) Command: {'cmd': ['/usr/bin/cmake', '--install', '/home/mouha/esp32_led_spacebar/ros2_ws/build/micro_ros_msgs'], 'cwd': '/home/mouha/esp32_led_spacebar/ros2_ws/build/micro_ros_msgs', 'env': OrderedDict({'GJS_DEBUG_TOPICS': 'JS ERROR;JS LOG', 'XDG_ACTIVATION_TOKEN': 'gnome-shell/Terminator/2487-2-mouha-TUF_TIME2363106', 'LESSOPEN': '| /usr/bin/lesspipe %s', 'GZ_SIM_RESOURCE_PATH': '/opt/ros/jazzy/share', 'LANGUAGE': 'en_GB:en', 'USER': 'mouha', 'LC_TIME': 'en_GB.UTF-8', 'GZ_CONFIG_PATH': '/opt/ros/jazzy/opt/gz_sim_vendor/share/gz:/opt/ros/jazzy/opt/sdformat_vendor/share/gz:/opt/ros/jazzy/opt/gz_gui_vendor/share/gz:/opt/ros/jazzy/opt/gz_transport_vendor/share/gz:/opt/ros/jazzy/opt/gz_rendering_vendor/share/gz:/opt/ros/jazzy/opt/gz_plugin_vendor/share/gz:/opt/ros/jazzy/opt/gz_fuel_tools_vendor/share/gz:/opt/ros/jazzy/opt/gz_msgs_vendor/share/gz:/opt/ros/jazzy/opt/gz_common_vendor/share/gz', 'XDG_SESSION_TYPE': 'wayland', 'STM32CubeMX_PATH': '/home/mouha/STM32CubeMX', 'CLUTTER_DISABLE_MIPMAPPED_TEXT': '1', 'SHLVL': '2', 'LD_LIBRARY_PATH': '/opt/ros/jazzy/opt/gz_sim_vendor/lib:/opt/ros/jazzy/opt/gz_sensors_vendor/lib:/opt/ros/jazzy/opt/gz_physics_vendor/lib:/opt/ros/jazzy/opt/sdformat_vendor/lib:/opt/ros/jazzy/opt/rviz_ogre_vendor/lib:/opt/ros/jazzy/lib/x86_64-linux-gnu:/opt/ros/jazzy/opt/gz_gui_vendor/lib:/opt/ros/jazzy/opt/gz_transport_vendor/lib:/opt/ros/jazzy/opt/gz_rendering_vendor/lib:/opt/ros/jazzy/opt/gz_plugin_vendor/lib:/opt/ros/jazzy/opt/gz_fuel_tools_vendor/lib:/opt/ros/jazzy/opt/gz_msgs_vendor/lib:/opt/ros/jazzy/opt/gz_common_vendor/lib:/opt/ros/jazzy/opt/gz_math_vendor/lib:/opt/ros/jazzy/opt/gz_utils_vendor/lib:/opt/ros/jazzy/opt/gz_tools_vendor/lib:/opt/ros/jazzy/opt/gz_ogre_next_vendor/lib:/opt/ros/jazzy/opt/gz_dartsim_vendor/lib:/opt/ros/jazzy/opt/gz_cmake_vendor/lib:/opt/ros/jazzy/lib', 'HOME': '/home/mouha', 'OLDPWD': '/home/mouha/esp32_led_spacebar/ros2_ws/src', 'DESKTOP_SESSION': 'ubuntu', 'GIO_LAUNCHED_DESKTOP_FILE': '/usr/share/applications/terminator.desktop', 'ROS_PYTHON_VERSION': '3', 'GNOME_SHELL_SESSION_MODE': 'ubuntu', 'GTK_MODULES': 'gail:atk-bridge', 'LC_MONETARY': 'en_GB.UTF-8', 'MANAGERPID': '2192', 'SYSTEMD_EXEC_PID': '2487', 'GSM_SKIP_SSH_AGENT_WORKAROUND': 'true', 'DBUS_SESSION_BUS_ADDRESS': 'unix:path=/run/user/1000/bus', 'COLORTERM': 'truecolor', 'TERMINATOR_DBUS_NAME': 'net.tenshu.Terminator25ef4b219e3b005583550f2b0f9f990c3', 'GIO_LAUNCHED_DESKTOP_FILE_PID': '7814', 'DEBUGINFOD_URLS': 'https://debuginfod.ubuntu.com', 'IM_CONFIG_PHASE': '1', 'WAYLAND_DISPLAY': 'wayland-0', 'COLCON_PREFIX_PATH': '/home/mouha/esp32_led_spacebar/ros2_ws/install', 'ROS_DISTRO': 'jazzy', 'LOGNAME': 'mouha', 'JOURNAL_STREAM': '10:20923', '_': '/usr/bin/colcon', 'ROS_VERSION': '2', 'MEMORY_PRESSURE_WATCH': '/sys/fs/cgroup/user.slice/user-1000.slice/user@1000.service/session.slice/org.gnome.Shell@wayland.service/memory.pressure', 'XDG_SESSION_CLASS': 'user', 'USERNAME': 'mouha', 'TERM': 'xterm-256color', 'GNOME_DESKTOP_SESSION_ID': 'this-is-deprecated', 'PATH': '/opt/ros/jazzy/opt/gz_msgs_vendor/bin:/opt/ros/jazzy/opt/gz_tools_vendor/bin:/opt/ros/jazzy/opt/gz_ogre_next_vendor/bin:/opt/ros/jazzy/bin:/home/mouha/.local/bin:/usr/local/sbin:/usr/local/bin:/usr/sbin:/usr/bin:/sbin:/bin:/usr/games:/usr/local/games:/snap/bin:/snap/bin', 'SESSION_MANAGER': 'local/mouha-TUF:@/tmp/.ICE-unix/2418,unix/mouha-TUF:/tmp/.ICE-unix/2418', 'INVOCATION_ID': '67e6c3afeb654d8387a8f8aaa2a0514e', 'PAPERSIZE': 'a4', 'XDG_MENU_PREFIX': 'gnome-', 'LC_ADDRESS': 'en_GB.UTF-8', 'GNOME_SETUP_DISPLAY': ':1', 'XDG_RUNTIME_DIR': '/run/user/1000', 'DISPLAY': ':0', 'TERMINATOR_DBUS_PATH': '/net/tenshu/Terminator2', 'LANG': 'en_GB.UTF-8', 'XDG_CURRENT_DESKTOP': 'ubuntu:GNOME', 'LC_TELEPHONE': 'en_GB.UTF-8', 'XMODIFIERS': '@im=ibus', 'XDG_SESSION_DESKTOP': 'ubuntu', 'XAUTHORITY': '/run/user/1000/.mutter-Xwaylandauth.0KO1S3', 'LS_COLORS': 'rs=0:di=01;34:ln=01;36:mh=00:pi=40;33:so=01;35:do=01;35:bd=40;33;01:cd=40;33;01:or=40;31;01:mi=00:su=37;41:sg=30;43:ca=00:tw=30;42:ow=34;42:st=37;44:ex=01;32:*.tar=01;31:*.tgz=01;31:*.arc=01;31:*.arj=01;31:*.taz=01;31:*.lha=01;31:*.lz4=01;31:*.lzh=01;31:*.lzma=01;31:*.tlz=01;31:*.txz=01;31:*.tzo=01;31:*.t7z=01;31:*.zip=01;31:*.z=01;31:*.dz=01;31:*.gz=01;31:*.lrz=01;31:*.lz=01;31:*.lzo=01;31:*.xz=01;31:*.zst=01;31:*.tzst=01;31:*.bz2=01;31:*.bz=01;31:*.tbz=01;31:*.tbz2=01;31:*.tz=01;31:*.deb=01;31:*.rpm=01;31:*.jar=01;31:*.war=01;31:*.ear=01;31:*.sar=01;31:*.rar=01;31:*.alz=01;31:*.ace=01;31:*.zoo=01;31:*.cpio=01;31:*.7z=01;31:*.rz=01;31:*.cab=01;31:*.wim=01;31:*.swm=01;31:*.dwm=01;31:*.esd=01;31:*.avif=01;35:*.jpg=01;35:*.jpeg=01;35:*.mjpg=01;35:*.mjpeg=01;35:*.gif=01;35:*.bmp=01;35:*.pbm=01;35:*.pgm=01;35:*.ppm=01;35:*.tga=01;35:*.xbm=01;35:*.xpm=01;35:*.tif=01;35:*.tiff=01;35:*.png=01;35:*.svg=01;35:*.svgz=01;35:*.mng=01;35:*.pcx=01;35:*.mov=01;35:*.mpg=01;35:*.mpeg=01;35:*.m2v=01;35:*.mkv=01;35:*.webm=01;35:*.webp=01;35:*.ogm=01;35:*.mp4=01;35:*.m4v=01;35:*.mp4v=01;35:*.vob=01;35:*.qt=01;35:*.nuv=01;35:*.wmv=01;35:*.asf=01;35:*.rm=01;35:*.rmvb=01;35:*.flc=01;35:*.avi=01;35:*.fli=01;35:*.flv=01;35:*.gl=01;35:*.dl=01;35:*.xcf=01;35:*.xwd=01;35:*.yuv=01;35:*.cgm=01;35:*.emf=01;35:*.ogv=01;35:*.ogx=01;35:*.aac=00;36:*.au=00;36:*.flac=00;36:*.m4a=00;36:*.mid=00;36:*.midi=00;36:*.mka=00;36:*.mp3=00;36:*.mpc=00;36:*.ogg=00;36:*.ra=00;36:*.wav=00;36:*.oga=00;36:*.opus=00;36:*.spx=00;36:*.xspf=00;36:*~=00;90:*#=00;90:*.bak=00;90:*.crdownload=00;90:*.dpkg-dist=00;90:*.dpkg-new=00;90:*.dpkg-old=00;90:*.dpkg-tmp=00;90:*.old=00;90:*.orig=00;90:*.part=00;90:*.rej=00;90:*.rpmnew=00;90:*.rpmorig=00;90:*.rpmsave=00;90:*.swp=00;90:*.tmp=00;90:*.ucf-dist=00;90:*.ucf-new=00;90:*.ucf-old=00;90:', 'SSH_AUTH_SOCK': '/run/user/1000/keyring/ssh', 'AMENT_PREFIX_PATH': '/home/mouha/esp32_led_spacebar/ros2_ws/install/micro_ros_setup:/home/mouha/esp32_led_spacebar/ros2_ws/install/esp32_led_teleop:/home/mouha/esp32_led_spacebar/ros2_ws/install/esp32_led_status:/opt/ros/jazzy', 'SHELL': '/bin/bash', 'LC_NAME': 'en_GB.UTF-8', 'TERMINATOR_UUID': 'urn:uuid:26938286-87c2-49d8-a317-f8818f162ffe', 'QT_ACCESSIBILITY': '1', 'GDMSESSION': 'ubuntu', 'LESSCLOSE': '/usr/bin/lesspipe %s %s', 'LC_MEASUREMENT': 'en_GB.UTF-8', 'GJS_DEBUG_OUTPUT': 'stderr', 'LC_IDENTIFICATION': 'en_GB.UTF-8', 'ROS_AUTOMATIC_DISCOVERY_RANGE': 'SUBNET', 'QT_IM_MODULE': 'ibus', 'PWD': '/home/mouha/esp32_led_spacebar/ros2_ws/build/micro_ros_msgs', 'LC_ALL': 'en_US.UTF-8', 'XDG_CONFIG_DIRS': '/etc/xdg/xdg-ubuntu:/etc/xdg', 'XDG_DATA_DIRS': '/usr/share/ubuntu:/usr/share/gnome:/usr/local/share/:/usr/share/:/var/lib/snapd/desktop', 'QTWEBENGINE_DICTIONARIES_PATH': '/usr/share/hunspell-bdic/', 'PYTHONPATH': '/home/mouha/esp32_led_spacebar/ros2_ws/install/esp32_led_teleop/lib/python3.12/site-packages:/opt/ros/jazzy/lib/python3.12/site-packages', 'LC_NUMERIC': 'en_GB.UTF-8', 'LC_PAPER': 'en_GB.UTF-8', 'COLCON': '1', 'MEMORY_PRESSURE_WRITE': 'c29tZSAyMDAwMDAgMjAwMDAwMAA=', 'VTE_VERSION': '7600', 'CMAKE_PREFIX_PATH': '/home/mouha/esp32_led_spacebar/ros2_ws/install/micro_ros_setup:/home/mouha/esp32_led_spacebar/ros2_ws/install/esp32_led_status:/opt/ros/jazzy/opt/gz_sim_vendor:/opt/ros/jazzy/opt/gz_sensors_vendor:/opt/ros/jazzy/opt/gz_physics_vendor:/opt/ros/jazzy/opt/sdformat_vendor:/opt/ros/jazzy/opt/gz_gui_vendor:/opt/ros/jazzy/opt/gz_transport_vendor:/opt/ros/jazzy/opt/gz_rendering_vendor:/opt/ros/jazzy/opt/gz_plugin_vendor:/opt/ros/jazzy/opt/gz_fuel_tools_vendor:/opt/ros/jazzy/opt/gz_msgs_vendor:/opt/ros/jazzy/opt/gz_common_vendor:/opt/ros/jazzy/opt/gz_math_vendor:/opt/ros/jazzy/opt/gz_utils_vendor:/opt/ros/jazzy/opt/gz_tools_vendor:/opt/ros/jazzy/opt/gz_ogre_next_vendor:/opt/ros/jazzy/opt/gz_dartsim_vendor:/opt/ros/jazzy/opt/gz_cmake_vendor:/home/mouha/esp32_led_spacebar/ros2_ws/install/esp32_led_teleop:/opt/ros/jazzy'}), 'shell': False}
[4.676693] (micro_ros_msgs) StdoutLine: {'line': b'-- Install configuration: ""\n'}
[4.676819] (micro_ros_msgs) StdoutLine: {'line': b'-- Installing: /home/mouha/esp32_led_spacebar/ros2_ws/install/micro_ros_msgs/share/ament_index/resource_index/rosidl_interfaces/micro_ros_msgs\n'}
[4.676915] (micro_ros_msgs) StdoutLine: {'line': b'-- Installing: /home/mouha/esp32_led_spacebar/ros2_ws/install/micro_ros_msgs/share/micro_ros_msgs/msg/Graph.json\n'}
[4.676980] (micro_ros_msgs) StdoutLine: {'line': b'-- Installing: /home/mouha/esp32_led_spacebar/ros2_ws/install/micro_ros_msgs/share/micro_ros_msgs/msg/Node.json\n'}
[4.677043] (micro_ros_msgs) StdoutLine: {'line': b'-- Installing: /home/mouha/esp32_led_spacebar/ros2_ws/install/micro_ros_msgs/share/micro_ros_msgs/msg/Entity.json\n'}
[4.677106] (micro_ros_msgs) StdoutLine: {'line': b'-- Installing: /home/mouha/esp32_led_spacebar/ros2_ws/install/micro_ros_msgs/include/micro_ros_msgs/micro_ros_msgs\n'}
[4.677169] (micro_ros_msgs) StdoutLine: {'line': b'-- Installing: /home/mouha/esp32_led_spacebar/ros2_ws/install/micro_ros_msgs/include/micro_ros_msgs/micro_ros_msgs/msg\n'}
[4.677240] (micro_ros_msgs) StdoutLine: {'line': b'-- Installing: /home/mouha/esp32_led_spacebar/ros2_ws/install/micro_ros_msgs/include/micro_ros_msgs/micro_ros_msgs/msg/graph.h\n'}
[4.677301] (micro_ros_msgs) StdoutLine: {'line': b'-- Installing: /home/mouha/esp32_led_spacebar/ros2_ws/install/micro_ros_msgs/include/micro_ros_msgs/micro_ros_msgs/msg/entity.h\n'}
[4.677379] (micro_ros_msgs) StdoutLine: {'line': b'-- Installing: /home/mouha/esp32_led_spacebar/ros2_ws/install/micro_ros_msgs/include/micro_ros_msgs/micro_ros_msgs/msg/rosidl_generator_c__visibility_control.h\n'}
[4.677433] (micro_ros_msgs) StdoutLine: {'line': b'-- Installing: /home/mouha/esp32_led_spacebar/ros2_ws/install/micro_ros_msgs/include/micro_ros_msgs/micro_ros_msgs/msg/detail\n'}
[4.677502] (micro_ros_msgs) StdoutLine: {'line': b'-- Installing: /home/mouha/esp32_led_spacebar/ros2_ws/install/micro_ros_msgs/include/micro_ros_msgs/micro_ros_msgs/msg/detail/entity__type_support.h\n'}
[4.677555] (micro_ros_msgs) StdoutLine: {'line': b'-- Installing: /home/mouha/esp32_led_spacebar/ros2_ws/install/micro_ros_msgs/include/micro_ros_msgs/micro_ros_msgs/msg/detail/node__functions.h\n'}
[4.677625] (micro_ros_msgs) StdoutLine: {'line': b'-- Installing: /home/mouha/esp32_led_spacebar/ros2_ws/install/micro_ros_msgs/include/micro_ros_msgs/micro_ros_msgs/msg/detail/graph__type_support.c\n'}
[4.677678] (micro_ros_msgs) StdoutLine: {'line': b'-- Installing: /home/mouha/esp32_led_spacebar/ros2_ws/install/micro_ros_msgs/include/micro_ros_msgs/micro_ros_msgs/msg/detail/graph__description.c\n'}
[4.677731] (micro_ros_msgs) StdoutLine: {'line': b'-- Installing: /home/mouha/esp32_led_spacebar/ros2_ws/install/micro_ros_msgs/include/micro_ros_msgs/micro_ros_msgs/msg/detail/node__functions.c\n'}
[4.677798] (micro_ros_msgs) StdoutLine: {'line': b'-- Installing: /home/mouha/esp32_led_spacebar/ros2_ws/install/micro_ros_msgs/include/micro_ros_msgs/micro_ros_msgs/msg/detail/graph__type_support.h\n'}
[4.677861] (micro_ros_msgs) StdoutLine: {'line': b'-- Installing: /home/mouha/esp32_led_spacebar/ros2_ws/install/micro_ros_msgs/include/micro_ros_msgs/micro_ros_msgs/msg/detail/entity__functions.h\n'}
[4.677914] (micro_ros_msgs) StdoutLine: {'line': b'-- Installing: /home/mouha/esp32_led_spacebar/ros2_ws/install/micro_ros_msgs/include/micro_ros_msgs/micro_ros_msgs/msg/detail/entity__type_support.c\n'}
[4.677967] (micro_ros_msgs) StdoutLine: {'line': b'-- Installing: /home/mouha/esp32_led_spacebar/ros2_ws/install/micro_ros_msgs/include/micro_ros_msgs/micro_ros_msgs/msg/detail/node__type_support.c\n'}
[4.678031] (micro_ros_msgs) StdoutLine: {'line': b'-- Installing: /home/mouha/esp32_led_spacebar/ros2_ws/install/micro_ros_msgs/include/micro_ros_msgs/micro_ros_msgs/msg/detail/graph__struct.h\n'}
[4.678084] (micro_ros_msgs) StdoutLine: {'line': b'-- Installing: /home/mouha/esp32_led_spacebar/ros2_ws/install/micro_ros_msgs/include/micro_ros_msgs/micro_ros_msgs/msg/detail/node__struct.h\n'}
[4.678136] (micro_ros_msgs) StdoutLine: {'line': b'-- Installing: /home/mouha/esp32_led_spacebar/ros2_ws/install/micro_ros_msgs/include/micro_ros_msgs/micro_ros_msgs/msg/detail/graph__functions.h\n'}
[4.678187] (micro_ros_msgs) StdoutLine: {'line': b'-- Installing: /home/mouha/esp32_led_spacebar/ros2_ws/install/micro_ros_msgs/include/micro_ros_msgs/micro_ros_msgs/msg/detail/entity__functions.c\n'}
[4.678239] (micro_ros_msgs) StdoutLine: {'line': b'-- Installing: /home/mouha/esp32_led_spacebar/ros2_ws/install/micro_ros_msgs/include/micro_ros_msgs/micro_ros_msgs/msg/detail/node__description.c\n'}
[4.678289] (micro_ros_msgs) StdoutLine: {'line': b'-- Installing: /home/mouha/esp32_led_spacebar/ros2_ws/install/micro_ros_msgs/include/micro_ros_msgs/micro_ros_msgs/msg/detail/entity__struct.h\n'}
[4.678365] (micro_ros_msgs) StdoutLine: {'line': b'-- Installing: /home/mouha/esp32_led_spacebar/ros2_ws/install/micro_ros_msgs/include/micro_ros_msgs/micro_ros_msgs/msg/detail/graph__functions.c\n'}
[4.678413] (micro_ros_msgs) StdoutLine: {'line': b'-- Installing: /home/mouha/esp32_led_spacebar/ros2_ws/install/micro_ros_msgs/include/micro_ros_msgs/micro_ros_msgs/msg/detail/entity__description.c\n'}
[4.678466] (micro_ros_msgs) StdoutLine: {'line': b'-- Installing: /home/mouha/esp32_led_spacebar/ros2_ws/install/micro_ros_msgs/include/micro_ros_msgs/micro_ros_msgs/msg/detail/node__type_support.h\n'}
[4.678515] (micro_ros_msgs) StdoutLine: {'line': b'-- Installing: /home/mouha/esp32_led_spacebar/ros2_ws/install/micro_ros_msgs/include/micro_ros_msgs/micro_ros_msgs/msg/node.h\n'}
[4.678563] (micro_ros_msgs) StdoutLine: {'line': b'-- Installing: /home/mouha/esp32_led_spacebar/ros2_ws/install/micro_ros_msgs/share/micro_ros_msgs/environment/library_path.sh\n'}
[4.678613] (micro_ros_msgs) StdoutLine: {'line': b'-- Installing: /home/mouha/esp32_led_spacebar/ros2_ws/install/micro_ros_msgs/share/micro_ros_msgs/environment/library_path.dsv\n'}
[4.678686] (micro_ros_msgs) StdoutLine: {'line': b'-- Installing: /home/mouha/esp32_led_spacebar/ros2_ws/install/micro_ros_msgs/lib/libmicro_ros_msgs__rosidl_generator_c.so\n'}
[4.678754] (micro_ros_msgs) StdoutLine: {'line': b'-- Set non-toolchain portion of runtime path of "/home/mouha/esp32_led_spacebar/ros2_ws/install/micro_ros_msgs/lib/libmicro_ros_msgs__rosidl_generator_c.so" to ""\n'}
[4.678807] (micro_ros_msgs) StdoutLine: {'line': b'-- Up-to-date: /home/mouha/esp32_led_spacebar/ros2_ws/install/micro_ros_msgs/include/micro_ros_msgs/micro_ros_msgs\n'}
[4.678860] (micro_ros_msgs) StdoutLine: {'line': b'-- Up-to-date: /home/mouha/esp32_led_spacebar/ros2_ws/install/micro_ros_msgs/include/micro_ros_msgs/micro_ros_msgs/msg\n'}
[4.678911] (micro_ros_msgs) StdoutLine: {'line': b'-- Up-to-date: /home/mouha/esp32_led_spacebar/ros2_ws/install/micro_ros_msgs/include/micro_ros_msgs/micro_ros_msgs/msg/detail\n'}
[4.678962] (micro_ros_msgs) StdoutLine: {'line': b'-- Installing: /home/mouha/esp32_led_spacebar/ros2_ws/install/micro_ros_msgs/include/micro_ros_msgs/micro_ros_msgs/msg/detail/graph__rosidl_typesupport_fastrtps_c.h\n'}
[4.679027] (micro_ros_msgs) StdoutLine: {'line': b'-- Installing: /home/mouha/esp32_led_spacebar/ros2_ws/install/micro_ros_msgs/include/micro_ros_msgs/micro_ros_msgs/msg/detail/entity__rosidl_typesupport_fastrtps_c.h\n'}
[4.679074] (micro_ros_msgs) StdoutLine: {'line': b'-- Installing: /home/mouha/esp32_led_spacebar/ros2_ws/install/micro_ros_msgs/include/micro_ros_msgs/micro_ros_msgs/msg/detail/node__rosidl_typesupport_fastrtps_c.h\n'}
[4.679124] (micro_ros_msgs) StdoutLine: {'line': b'-- Installing: /home/mouha/esp32_led_spacebar/ros2_ws/install/micro_ros_msgs/include/micro_ros_msgs/micro_ros_msgs/msg/rosidl_typesupport_fastrtps_c__visibility_control.h\n'}
[4.679179] (micro_ros_msgs) StdoutLine: {'line': b'-- Installing: /home/mouha/esp32_led_spacebar/ros2_ws/install/micro_ros_msgs/lib/libmicro_ros_msgs__rosidl_typesupport_fastrtps_c.so\n'}
[4.679252] (micro_ros_msgs) StdoutLine: {'line': b'-- Set non-toolchain portion of runtime path of "/home/mouha/esp32_led_spacebar/ros2_ws/install/micro_ros_msgs/lib/libmicro_ros_msgs__rosidl_typesupport_fastrtps_c.so" to ""\n'}
[4.679306] (micro_ros_msgs) StdoutLine: {'line': b'-- Up-to-date: /home/mouha/esp32_led_spacebar/ros2_ws/install/micro_ros_msgs/include/micro_ros_msgs/micro_ros_msgs\n'}
[4.679377] (micro_ros_msgs) StdoutLine: {'line': b'-- Up-to-date: /home/mouha/esp32_led_spacebar/ros2_ws/install/micro_ros_msgs/include/micro_ros_msgs/micro_ros_msgs/msg\n'}
[4.679429] (micro_ros_msgs) StdoutLine: {'line': b'-- Installing: /home/mouha/esp32_led_spacebar/ros2_ws/install/micro_ros_msgs/include/micro_ros_msgs/micro_ros_msgs/msg/rosidl_typesupport_introspection_c__visibility_control.h\n'}
[4.679481] (micro_ros_msgs) StdoutLine: {'line': b'-- Up-to-date: /home/mouha/esp32_led_spacebar/ros2_ws/install/micro_ros_msgs/include/micro_ros_msgs/micro_ros_msgs/msg/detail\n'}
[4.679530] (micro_ros_msgs) StdoutLine: {'line': b'-- Up-to-date: /home/mouha/esp32_led_spacebar/ros2_ws/install/micro_ros_msgs/include/micro_ros_msgs/micro_ros_msgs/msg/detail/graph__type_support.c\n'}
[4.679577] (micro_ros_msgs) StdoutLine: {'line': b'-- Installing: /home/mouha/esp32_led_spacebar/ros2_ws/install/micro_ros_msgs/include/micro_ros_msgs/micro_ros_msgs/msg/detail/graph__rosidl_typesupport_introspection_c.h\n'}
[4.679659] (micro_ros_msgs) StdoutLine: {'line': b'-- Installing: /home/mouha/esp32_led_spacebar/ros2_ws/install/micro_ros_msgs/include/micro_ros_msgs/micro_ros_msgs/msg/detail/node__rosidl_typesupport_introspection_c.h\n'}
[4.679714] (micro_ros_msgs) StdoutLine: {'line': b'-- Up-to-date: /home/mouha/esp32_led_spacebar/ros2_ws/install/micro_ros_msgs/include/micro_ros_msgs/micro_ros_msgs/msg/detail/entity__type_support.c\n'}
[4.679761] (micro_ros_msgs) StdoutLine: {'line': b'-- Up-to-date: /home/mouha/esp32_led_spacebar/ros2_ws/install/micro_ros_msgs/include/micro_ros_msgs/micro_ros_msgs/msg/detail/node__type_support.c\n'}
[4.679807] (micro_ros_msgs) StdoutLine: {'line': b'-- Installing: /home/mouha/esp32_led_spacebar/ros2_ws/install/micro_ros_msgs/include/micro_ros_msgs/micro_ros_msgs/msg/detail/entity__rosidl_typesupport_introspection_c.h\n'}
[4.679854] (micro_ros_msgs) StdoutLine: {'line': b'-- Installing: /home/mouha/esp32_led_spacebar/ros2_ws/install/micro_ros_msgs/lib/libmicro_ros_msgs__rosidl_typesupport_introspection_c.so\n'}
[4.679902] (micro_ros_msgs) StdoutLine: {'line': b'-- Set non-toolchain portion of runtime path of "/home/mouha/esp32_led_spacebar/ros2_ws/install/micro_ros_msgs/lib/libmicro_ros_msgs__rosidl_typesupport_introspection_c.so" to ""\n'}
[4.679975] (micro_ros_msgs) StdoutLine: {'line': b'-- Installing: /home/mouha/esp32_led_spacebar/ros2_ws/install/micro_ros_msgs/lib/libmicro_ros_msgs__rosidl_typesupport_c.so\n'}
[4.680025] (micro_ros_msgs) StdoutLine: {'line': b'-- Set non-toolchain portion of runtime path of "/home/mouha/esp32_led_spacebar/ros2_ws/install/micro_ros_msgs/lib/libmicro_ros_msgs__rosidl_typesupport_c.so" to ""\n'}
[4.680073] (micro_ros_msgs) StdoutLine: {'line': b'-- Up-to-date: /home/mouha/esp32_led_spacebar/ros2_ws/install/micro_ros_msgs/include/micro_ros_msgs/micro_ros_msgs\n'}
[4.680121] (micro_ros_msgs) StdoutLine: {'line': b'-- Up-to-date: /home/mouha/esp32_led_spacebar/ros2_ws/install/micro_ros_msgs/include/micro_ros_msgs/micro_ros_msgs/msg\n'}
[4.680169] (micro_ros_msgs) StdoutLine: {'line': b'-- Installing: /home/mouha/esp32_led_spacebar/ros2_ws/install/micro_ros_msgs/include/micro_ros_msgs/micro_ros_msgs/msg/node.hpp\n'}
[4.680217] (micro_ros_msgs) StdoutLine: {'line': b'-- Installing: /home/mouha/esp32_led_spacebar/ros2_ws/install/micro_ros_msgs/include/micro_ros_msgs/micro_ros_msgs/msg/rosidl_generator_cpp__visibility_control.hpp\n'}
[4.680265] (micro_ros_msgs) StdoutLine: {'line': b'-- Installing: /home/mouha/esp32_led_spacebar/ros2_ws/install/micro_ros_msgs/include/micro_ros_msgs/micro_ros_msgs/msg/entity.hpp\n'}
[4.680336] (micro_ros_msgs) StdoutLine: {'line': b'-- Installing: /home/mouha/esp32_led_spacebar/ros2_ws/install/micro_ros_msgs/include/micro_ros_msgs/micro_ros_msgs/msg/graph.hpp\n'}
[4.680386] (micro_ros_msgs) StdoutLine: {'line': b'-- Up-to-date: /home/mouha/esp32_led_spacebar/ros2_ws/install/micro_ros_msgs/include/micro_ros_msgs/micro_ros_msgs/msg/detail\n'}
[4.680433] (micro_ros_msgs) StdoutLine: {'line': b'-- Installing: /home/mouha/esp32_led_spacebar/ros2_ws/install/micro_ros_msgs/include/micro_ros_msgs/micro_ros_msgs/msg/detail/graph__traits.hpp\n'}
[4.680480] (micro_ros_msgs) StdoutLine: {'line': b'-- Installing: /home/mouha/esp32_led_spacebar/ros2_ws/install/micro_ros_msgs/include/micro_ros_msgs/micro_ros_msgs/msg/detail/graph__struct.hpp\n'}
[4.680528] (micro_ros_msgs) StdoutLine: {'line': b'-- Installing: /home/mouha/esp32_led_spacebar/ros2_ws/install/micro_ros_msgs/include/micro_ros_msgs/micro_ros_msgs/msg/detail/node__struct.hpp\n'}
[4.680575] (micro_ros_msgs) StdoutLine: {'line': b'-- Installing: /home/mouha/esp32_led_spacebar/ros2_ws/install/micro_ros_msgs/include/micro_ros_msgs/micro_ros_msgs/msg/detail/entity__struct.hpp\n'}
[4.680657] (micro_ros_msgs) StdoutLine: {'line': b'-- Installing: /home/mouha/esp32_led_spacebar/ros2_ws/install/micro_ros_msgs/include/micro_ros_msgs/micro_ros_msgs/msg/detail/graph__builder.hpp\n'}
[4.680706] (micro_ros_msgs) StdoutLine: {'line': b'-- Installing: /home/mouha/esp32_led_spacebar/ros2_ws/install/micro_ros_msgs/include/micro_ros_msgs/micro_ros_msgs/msg/detail/node__traits.hpp\n'}
[4.680774] (micro_ros_msgs) StdoutLine: {'line': b'-- Installing: /home/mouha/esp32_led_spacebar/ros2_ws/install/micro_ros_msgs/include/micro_ros_msgs/micro_ros_msgs/msg/detail/entity__type_support.hpp\n'}
[4.680835] (micro_ros_msgs) StdoutLine: {'line': b'-- Installing: /home/mouha/esp32_led_spacebar/ros2_ws/install/micro_ros_msgs/include/micro_ros_msgs/micro_ros_msgs/msg/detail/node__type_support.hpp\n'}
[4.680886] (micro_ros_msgs) StdoutLine: {'line': b'-- Installing: /home/mouha/esp32_led_spacebar/ros2_ws/install/micro_ros_msgs/include/micro_ros_msgs/micro_ros_msgs/msg/detail/entity__traits.hpp\n'}
[4.680935] (micro_ros_msgs) StdoutLine: {'line': b'-- Installing: /home/mouha/esp32_led_spacebar/ros2_ws/install/micro_ros_msgs/include/micro_ros_msgs/micro_ros_msgs/msg/detail/graph__type_support.hpp\n'}
[4.680984] (micro_ros_msgs) StdoutLine: {'line': b'-- Installing: /home/mouha/esp32_led_spacebar/ros2_ws/install/micro_ros_msgs/include/micro_ros_msgs/micro_ros_msgs/msg/detail/node__builder.hpp\n'}
[4.681031] (micro_ros_msgs) StdoutLine: {'line': b'-- Installing: /home/mouha/esp32_led_spacebar/ros2_ws/install/micro_ros_msgs/include/micro_ros_msgs/micro_ros_msgs/msg/detail/entity__builder.hpp\n'}
[4.681077] (micro_ros_msgs) StdoutLine: {'line': b'-- Up-to-date: /home/mouha/esp32_led_spacebar/ros2_ws/install/micro_ros_msgs/include/micro_ros_msgs/micro_ros_msgs\n'}
[4.681125] (micro_ros_msgs) StdoutLine: {'line': b'-- Up-to-date: /home/mouha/esp32_led_spacebar/ros2_ws/install/micro_ros_msgs/include/micro_ros_msgs/micro_ros_msgs/msg\n'}
[4.681172] (micro_ros_msgs) StdoutLine: {'line': b'-- Installing: /home/mouha/esp32_led_spacebar/ros2_ws/install/micro_ros_msgs/include/micro_ros_msgs/micro_ros_msgs/msg/rosidl_typesupport_fastrtps_cpp__visibility_control.h\n'}
[4.681219] (micro_ros_msgs) StdoutLine: {'line': b'-- Up-to-date: /home/mouha/esp32_led_spacebar/ros2_ws/install/micro_ros_msgs/include/micro_ros_msgs/micro_ros_msgs/msg/detail\n'}
[4.681267] (micro_ros_msgs) StdoutLine: {'line': b'-- Installing: /home/mouha/esp32_led_spacebar/ros2_ws/install/micro_ros_msgs/include/micro_ros_msgs/micro_ros_msgs/msg/detail/entity__rosidl_typesupport_fastrtps_cpp.hpp\n'}
[4.681338] (micro_ros_msgs) StdoutLine: {'line': b'-- Installing: /home/mouha/esp32_led_spacebar/ros2_ws/install/micro_ros_msgs/include/micro_ros_msgs/micro_ros_msgs/msg/detail/dds_fastrtps\n'}
[4.681426] (micro_ros_msgs) StdoutLine: {'line': b'-- Installing: /home/mouha/esp32_led_spacebar/ros2_ws/install/micro_ros_msgs/include/micro_ros_msgs/micro_ros_msgs/msg/detail/node__rosidl_typesupport_fastrtps_cpp.hpp\n'}
[4.681476] (micro_ros_msgs) StdoutLine: {'line': b'-- Installing: /home/mouha/esp32_led_spacebar/ros2_ws/install/micro_ros_msgs/include/micro_ros_msgs/micro_ros_msgs/msg/detail/graph__rosidl_typesupport_fastrtps_cpp.hpp\n'}
[4.681525] (micro_ros_msgs) StdoutLine: {'line': b'-- Installing: /home/mouha/esp32_led_spacebar/ros2_ws/install/micro_ros_msgs/lib/libmicro_ros_msgs__rosidl_typesupport_fastrtps_cpp.so\n'}
[4.681574] (micro_ros_msgs) StdoutLine: {'line': b'-- Set non-toolchain portion of runtime path of "/home/mouha/esp32_led_spacebar/ros2_ws/install/micro_ros_msgs/lib/libmicro_ros_msgs__rosidl_typesupport_fastrtps_cpp.so" to ""\n'}
[4.681633] (micro_ros_msgs) StdoutLine: {'line': b'-- Up-to-date: /home/mouha/esp32_led_spacebar/ros2_ws/install/micro_ros_msgs/include/micro_ros_msgs/micro_ros_msgs\n'}
[4.681682] (micro_ros_msgs) StdoutLine: {'line': b'-- Up-to-date: /home/mouha/esp32_led_spacebar/ros2_ws/install/micro_ros_msgs/include/micro_ros_msgs/micro_ros_msgs/msg\n'}
[4.681728] (micro_ros_msgs) StdoutLine: {'line': b'-- Up-to-date: /home/mouha/esp32_led_spacebar/ros2_ws/install/micro_ros_msgs/include/micro_ros_msgs/micro_ros_msgs/msg/detail\n'}
[4.681778] (micro_ros_msgs) StdoutLine: {'line': b'-- Installing: /home/mouha/esp32_led_spacebar/ros2_ws/install/micro_ros_msgs/include/micro_ros_msgs/micro_ros_msgs/msg/detail/graph__type_support.cpp\n'}
[4.681855] (micro_ros_msgs) StdoutLine: {'line': b'-- Installing: /home/mouha/esp32_led_spacebar/ros2_ws/install/micro_ros_msgs/include/micro_ros_msgs/micro_ros_msgs/msg/detail/graph__rosidl_typesupport_introspection_cpp.hpp\n'}
[4.681903] (micro_ros_msgs) StdoutLine: {'line': b'-- Installing: /home/mouha/esp32_led_spacebar/ros2_ws/install/micro_ros_msgs/include/micro_ros_msgs/micro_ros_msgs/msg/detail/entity__rosidl_typesupport_introspection_cpp.hpp\n'}
[4.681950] (micro_ros_msgs) StdoutLine: {'line': b'-- Installing: /home/mouha/esp32_led_spacebar/ros2_ws/install/micro_ros_msgs/include/micro_ros_msgs/micro_ros_msgs/msg/detail/entity__type_support.cpp\n'}
[4.681998] (micro_ros_msgs) StdoutLine: {'line': b'-- Installing: /home/mouha/esp32_led_spacebar/ros2_ws/install/micro_ros_msgs/include/micro_ros_msgs/micro_ros_msgs/msg/detail/node__type_support.cpp\n'}
[4.682044] (micro_ros_msgs) StdoutLine: {'line': b'-- Installing: /home/mouha/esp32_led_spacebar/ros2_ws/install/micro_ros_msgs/include/micro_ros_msgs/micro_ros_msgs/msg/detail/node__rosidl_typesupport_introspection_cpp.hpp\n'}
[4.682092] (micro_ros_msgs) StdoutLine: {'line': b'-- Installing: /home/mouha/esp32_led_spacebar/ros2_ws/install/micro_ros_msgs/lib/libmicro_ros_msgs__rosidl_typesupport_introspection_cpp.so\n'}
[4.682166] (micro_ros_msgs) StdoutLine: {'line': b'-- Set non-toolchain portion of runtime path of "/home/mouha/esp32_led_spacebar/ros2_ws/install/micro_ros_msgs/lib/libmicro_ros_msgs__rosidl_typesupport_introspection_cpp.so" to ""\n'}
[4.682224] (micro_ros_msgs) StdoutLine: {'line': b'-- Installing: /home/mouha/esp32_led_spacebar/ros2_ws/install/micro_ros_msgs/lib/libmicro_ros_msgs__rosidl_typesupport_cpp.so\n'}
[4.682272] (micro_ros_msgs) StdoutLine: {'line': b'-- Set non-toolchain portion of runtime path of "/home/mouha/esp32_led_spacebar/ros2_ws/install/micro_ros_msgs/lib/libmicro_ros_msgs__rosidl_typesupport_cpp.so" to ""\n'}
[4.682321] (micro_ros_msgs) StdoutLine: {'line': b'-- Installing: /home/mouha/esp32_led_spacebar/ros2_ws/install/micro_ros_msgs/share/micro_ros_msgs/environment/pythonpath.sh\n'}
[4.682369] (micro_ros_msgs) StdoutLine: {'line': b'-- Installing: /home/mouha/esp32_led_spacebar/ros2_ws/install/micro_ros_msgs/share/micro_ros_msgs/environment/pythonpath.dsv\n'}
[4.682417] (micro_ros_msgs) StdoutLine: {'line': b'-- Installing: /home/mouha/esp32_led_spacebar/ros2_ws/install/micro_ros_msgs/lib/python3.12/site-packages/micro_ros_msgs-5.0.2-py3.12.egg-info\n'}
[4.682489] (micro_ros_msgs) StdoutLine: {'line': b'-- Installing: /home/mouha/esp32_led_spacebar/ros2_ws/install/micro_ros_msgs/lib/python3.12/site-packages/micro_ros_msgs-5.0.2-py3.12.egg-info/top_level.txt\n'}
[4.682586] (micro_ros_msgs) StdoutLine: {'line': b'-- Installing: /home/mouha/esp32_led_spacebar/ros2_ws/install/micro_ros_msgs/lib/python3.12/site-packages/micro_ros_msgs-5.0.2-py3.12.egg-info/SOURCES.txt\n'}
[4.682645] (micro_ros_msgs) StdoutLine: {'line': b'-- Installing: /home/mouha/esp32_led_spacebar/ros2_ws/install/micro_ros_msgs/lib/python3.12/site-packages/micro_ros_msgs-5.0.2-py3.12.egg-info/PKG-INFO\n'}
[4.682694] (micro_ros_msgs) StdoutLine: {'line': b'-- Installing: /home/mouha/esp32_led_spacebar/ros2_ws/install/micro_ros_msgs/lib/python3.12/site-packages/micro_ros_msgs-5.0.2-py3.12.egg-info/dependency_links.txt\n'}
[4.682750] (micro_ros_msgs) StdoutLine: {'line': b'-- Installing: /home/mouha/esp32_led_spacebar/ros2_ws/install/micro_ros_msgs/lib/python3.12/site-packages/micro_ros_msgs\n'}
[4.682807] (micro_ros_msgs) StdoutLine: {'line': b'-- Installing: /home/mouha/esp32_led_spacebar/ros2_ws/install/micro_ros_msgs/lib/python3.12/site-packages/micro_ros_msgs/__init__.py\n'}
[4.682861] (micro_ros_msgs) StdoutLine: {'line': b'-- Installing: /home/mouha/esp32_led_spacebar/ros2_ws/install/micro_ros_msgs/lib/python3.12/site-packages/micro_ros_msgs/micro_ros_msgs_s__rosidl_typesupport_fastrtps_c.so\n'}
[4.682930] (micro_ros_msgs) StdoutLine: {'line': b'-- Installing: /home/mouha/esp32_led_spacebar/ros2_ws/install/micro_ros_msgs/lib/python3.12/site-packages/micro_ros_msgs/_micro_ros_msgs_s.ep.rosidl_typesupport_fastrtps_c.c\n'}
[4.683005] (micro_ros_msgs) StdoutLine: {'line': b'-- Installing: /home/mouha/esp32_led_spacebar/ros2_ws/install/micro_ros_msgs/lib/python3.12/site-packages/micro_ros_msgs/micro_ros_msgs_s__rosidl_typesupport_introspection_c.so\n'}
[4.683058] (micro_ros_msgs) StdoutLine: {'line': b'-- Installing: /home/mouha/esp32_led_spacebar/ros2_ws/install/micro_ros_msgs/lib/python3.12/site-packages/micro_ros_msgs/_micro_ros_msgs_s.ep.rosidl_typesupport_c.c\n'}
[4.683110] (micro_ros_msgs) StdoutLine: {'line': b'-- Installing: /home/mouha/esp32_led_spacebar/ros2_ws/install/micro_ros_msgs/lib/python3.12/site-packages/micro_ros_msgs/msg\n'}
[4.683177] (micro_ros_msgs) StdoutLine: {'line': b'-- Installing: /home/mouha/esp32_led_spacebar/ros2_ws/install/micro_ros_msgs/lib/python3.12/site-packages/micro_ros_msgs/msg/__init__.py\n'}
[4.683228] (micro_ros_msgs) StdoutLine: {'line': b'-- Installing: /home/mouha/esp32_led_spacebar/ros2_ws/install/micro_ros_msgs/lib/python3.12/site-packages/micro_ros_msgs/msg/_graph_s.c\n'}
[4.683278] (micro_ros_msgs) StdoutLine: {'line': b'-- Installing: /home/mouha/esp32_led_spacebar/ros2_ws/install/micro_ros_msgs/lib/python3.12/site-packages/micro_ros_msgs/msg/_node_s.c\n'}
[4.683324] (micro_ros_msgs) StdoutLine: {'line': b'-- Installing: /home/mouha/esp32_led_spacebar/ros2_ws/install/micro_ros_msgs/lib/python3.12/site-packages/micro_ros_msgs/msg/_graph.py\n'}
[4.683370] (micro_ros_msgs) StdoutLine: {'line': b'-- Installing: /home/mouha/esp32_led_spacebar/ros2_ws/install/micro_ros_msgs/lib/python3.12/site-packages/micro_ros_msgs/msg/_entity.py\n'}
[4.683414] (micro_ros_msgs) StdoutLine: {'line': b'-- Installing: /home/mouha/esp32_led_spacebar/ros2_ws/install/micro_ros_msgs/lib/python3.12/site-packages/micro_ros_msgs/msg/_node.py\n'}
[4.683460] (micro_ros_msgs) StdoutLine: {'line': b'-- Installing: /home/mouha/esp32_led_spacebar/ros2_ws/install/micro_ros_msgs/lib/python3.12/site-packages/micro_ros_msgs/msg/_entity_s.c\n'}
[4.683507] (micro_ros_msgs) StdoutLine: {'line': b'-- Installing: /home/mouha/esp32_led_spacebar/ros2_ws/install/micro_ros_msgs/lib/python3.12/site-packages/micro_ros_msgs/_micro_ros_msgs_s.ep.rosidl_typesupport_introspection_c.c\n'}
[4.683565] (micro_ros_msgs) StdoutLine: {'line': b'-- Installing: /home/mouha/esp32_led_spacebar/ros2_ws/install/micro_ros_msgs/lib/python3.12/site-packages/micro_ros_msgs/micro_ros_msgs_s__rosidl_typesupport_c.so\n'}
[4.710499] (-) TimerEvent: {}
[4.714169] (micro_ros_msgs) StdoutLine: {'line': b"Listing '/home/mouha/esp32_led_spacebar/ros2_ws/install/micro_ros_msgs/lib/python3.12/site-packages/micro_ros_msgs'...\n"}
[4.714287] (micro_ros_msgs) StdoutLine: {'line': b"Compiling '/home/mouha/esp32_led_spacebar/ros2_ws/install/micro_ros_msgs/lib/python3.12/site-packages/micro_ros_msgs/__init__.py'...\n"}
[4.714340] (micro_ros_msgs) StdoutLine: {'line': b"Listing '/home/mouha/esp32_led_spacebar/ros2_ws/install/micro_ros_msgs/lib/python3.12/site-packages/micro_ros_msgs/msg'...\n"}
[4.714384] (micro_ros_msgs) StdoutLine: {'line': b"Compiling '/home/mouha/esp32_led_spacebar/ros2_ws/install/micro_ros_msgs/lib/python3.12/site-packages/micro_ros_msgs/msg/__init__.py'...\n"}
[4.714429] (micro_ros_msgs) StdoutLine: {'line': b"Compiling '/home/mouha/esp32_led_spacebar/ros2_ws/install/micro_ros_msgs/lib/python3.12/site-packages/micro_ros_msgs/msg/_entity.py'...\n"}
[4.714473] (micro_ros_msgs) StdoutLine: {'line': b"Compiling '/home/mouha/esp32_led_spacebar/ros2_ws/install/micro_ros_msgs/lib/python3.12/site-packages/micro_ros_msgs/msg/_graph.py'...\n"}
[4.714516] (micro_ros_msgs) StdoutLine: {'line': b"Compiling '/home/mouha/esp32_led_spacebar/ros2_ws/install/micro_ros_msgs/lib/python3.12/site-packages/micro_ros_msgs/msg/_node.py'...\n"}
[4.718714] (micro_ros_msgs) StdoutLine: {'line': b'-- Installing: /home/mouha/esp32_led_spacebar/ros2_ws/install/micro_ros_msgs/lib/python3.12/site-packages/micro_ros_msgs/micro_ros_msgs_s__rosidl_typesupport_fastrtps_c.so\n'}
[4.718872] (micro_ros_msgs) StdoutLine: {'line': b'-- Set non-toolchain portion of runtime path of "/home/mouha/esp32_led_spacebar/ros2_ws/install/micro_ros_msgs/lib/python3.12/site-packages/micro_ros_msgs/micro_ros_msgs_s__rosidl_typesupport_fastrtps_c.so" to ""\n'}
[4.719017] (micro_ros_msgs) StdoutLine: {'line': b'-- Installing: /home/mouha/esp32_led_spacebar/ros2_ws/install/micro_ros_msgs/lib/python3.12/site-packages/micro_ros_msgs/micro_ros_msgs_s__rosidl_typesupport_introspection_c.so\n'}
[4.719137] (micro_ros_msgs) StdoutLine: {'line': b'-- Set non-toolchain portion of runtime path of "/home/mouha/esp32_led_spacebar/ros2_ws/install/micro_ros_msgs/lib/python3.12/site-packages/micro_ros_msgs/micro_ros_msgs_s__rosidl_typesupport_introspection_c.so" to ""\n'}
[4.719241] (micro_ros_msgs) StdoutLine: {'line': b'-- Installing: /home/mouha/esp32_led_spacebar/ros2_ws/install/micro_ros_msgs/lib/python3.12/site-packages/micro_ros_msgs/micro_ros_msgs_s__rosidl_typesupport_c.so\n'}
[4.719382] (micro_ros_msgs) StdoutLine: {'line': b'-- Set non-toolchain portion of runtime path of "/home/mouha/esp32_led_spacebar/ros2_ws/install/micro_ros_msgs/lib/python3.12/site-packages/micro_ros_msgs/micro_ros_msgs_s__rosidl_typesupport_c.so" to ""\n'}
[4.719439] (micro_ros_msgs) StdoutLine: {'line': b'-- Installing: /home/mouha/esp32_led_spacebar/ros2_ws/install/micro_ros_msgs/lib/libmicro_ros_msgs__rosidl_generator_py.so\n'}
[4.719591] (micro_ros_msgs) StdoutLine: {'line': b'-- Set non-toolchain portion of runtime path of "/home/mouha/esp32_led_spacebar/ros2_ws/install/micro_ros_msgs/lib/libmicro_ros_msgs__rosidl_generator_py.so" to ""\n'}
[4.719668] (micro_ros_msgs) StdoutLine: {'line': b'-- Installing: /home/mouha/esp32_led_spacebar/ros2_ws/install/micro_ros_msgs/share/ament_index/resource_index/rust_packages/micro_ros_msgs\n'}
[4.719739] (micro_ros_msgs) StdoutLine: {'line': b'-- Installing: /home/mouha/esp32_led_spacebar/ros2_ws/install/micro_ros_msgs/share/micro_ros_msgs/rust\n'}
[4.719799] (micro_ros_msgs) StdoutLine: {'line': b'-- Installing: /home/mouha/esp32_led_spacebar/ros2_ws/install/micro_ros_msgs/share/micro_ros_msgs/rust/Cargo.toml\n'}
[4.719857] (micro_ros_msgs) StdoutLine: {'line': b'-- Installing: /home/mouha/esp32_led_spacebar/ros2_ws/install/micro_ros_msgs/share/micro_ros_msgs/rust/build.rs\n'}
[4.719916] (micro_ros_msgs) StdoutLine: {'line': b'-- Installing: /home/mouha/esp32_led_spacebar/ros2_ws/install/micro_ros_msgs/share/micro_ros_msgs/rust/src\n'}
[4.719980] (micro_ros_msgs) StdoutLine: {'line': b'-- Installing: /home/mouha/esp32_led_spacebar/ros2_ws/install/micro_ros_msgs/share/micro_ros_msgs/rust/src/lib.rs\n'}
[4.720029] (micro_ros_msgs) StdoutLine: {'line': b'-- Installing: /home/mouha/esp32_led_spacebar/ros2_ws/install/micro_ros_msgs/share/micro_ros_msgs/rust/src/msg.rs\n'}
[4.720092] (micro_ros_msgs) StdoutLine: {'line': b'-- Installing: /home/mouha/esp32_led_spacebar/ros2_ws/install/micro_ros_msgs/share/micro_ros_msgs/rust/src/msg\n'}
[4.720147] (micro_ros_msgs) StdoutLine: {'line': b'-- Installing: /home/mouha/esp32_led_spacebar/ros2_ws/install/micro_ros_msgs/share/micro_ros_msgs/rust/src/msg/rmw.rs\n'}
[4.720192] (micro_ros_msgs) StdoutLine: {'line': b'-- Installing: /home/mouha/esp32_led_spacebar/ros2_ws/install/micro_ros_msgs/share/micro_ros_msgs/msg/Graph.idl\n'}
[4.720254] (micro_ros_msgs) StdoutLine: {'line': b'-- Installing: /home/mouha/esp32_led_spacebar/ros2_ws/install/micro_ros_msgs/share/micro_ros_msgs/msg/Node.idl\n'}
[4.720301] (micro_ros_msgs) StdoutLine: {'line': b'-- Installing: /home/mouha/esp32_led_spacebar/ros2_ws/install/micro_ros_msgs/share/micro_ros_msgs/msg/Entity.idl\n'}
[4.720364] (micro_ros_msgs) StdoutLine: {'line': b'-- Installing: /home/mouha/esp32_led_spacebar/ros2_ws/install/micro_ros_msgs/share/micro_ros_msgs/msg/Graph.msg\n'}
[4.720410] (micro_ros_msgs) StdoutLine: {'line': b'-- Installing: /home/mouha/esp32_led_spacebar/ros2_ws/install/micro_ros_msgs/share/micro_ros_msgs/msg/Node.msg\n'}
[4.720466] (micro_ros_msgs) StdoutLine: {'line': b'-- Installing: /home/mouha/esp32_led_spacebar/ros2_ws/install/micro_ros_msgs/share/micro_ros_msgs/msg/Entity.msg\n'}
[4.720528] (micro_ros_msgs) StdoutLine: {'line': b'-- Installing: /home/mouha/esp32_led_spacebar/ros2_ws/install/micro_ros_msgs/share/ament_index/resource_index/package_run_dependencies/micro_ros_msgs\n'}
[4.720586] (micro_ros_msgs) StdoutLine: {'line': b'-- Installing: /home/mouha/esp32_led_spacebar/ros2_ws/install/micro_ros_msgs/share/ament_index/resource_index/parent_prefix_path/micro_ros_msgs\n'}
[4.720662] (micro_ros_msgs) StdoutLine: {'line': b'-- Installing: /home/mouha/esp32_led_spacebar/ros2_ws/install/micro_ros_msgs/share/micro_ros_msgs/environment/ament_prefix_path.sh\n'}
[4.720725] (micro_ros_msgs) StdoutLine: {'line': b'-- Installing: /home/mouha/esp32_led_spacebar/ros2_ws/install/micro_ros_msgs/share/micro_ros_msgs/environment/ament_prefix_path.dsv\n'}
[4.720786] (micro_ros_msgs) StdoutLine: {'line': b'-- Installing: /home/mouha/esp32_led_spacebar/ros2_ws/install/micro_ros_msgs/share/micro_ros_msgs/environment/path.sh\n'}
[4.720846] (micro_ros_msgs) StdoutLine: {'line': b'-- Installing: /home/mouha/esp32_led_spacebar/ros2_ws/install/micro_ros_msgs/share/micro_ros_msgs/environment/path.dsv\n'}
[4.720906] (micro_ros_msgs) StdoutLine: {'line': b'-- Installing: /home/mouha/esp32_led_spacebar/ros2_ws/install/micro_ros_msgs/share/micro_ros_msgs/local_setup.bash\n'}
[4.720966] (micro_ros_msgs) StdoutLine: {'line': b'-- Installing: /home/mouha/esp32_led_spacebar/ros2_ws/install/micro_ros_msgs/share/micro_ros_msgs/local_setup.sh\n'}
[4.721025] (micro_ros_msgs) StdoutLine: {'line': b'-- Installing: /home/mouha/esp32_led_spacebar/ros2_ws/install/micro_ros_msgs/share/micro_ros_msgs/local_setup.zsh\n'}
[4.721080] (micro_ros_msgs) StdoutLine: {'line': b'-- Installing: /home/mouha/esp32_led_spacebar/ros2_ws/install/micro_ros_msgs/share/micro_ros_msgs/local_setup.dsv\n'}
[4.721140] (micro_ros_msgs) StdoutLine: {'line': b'-- Installing: /home/mouha/esp32_led_spacebar/ros2_ws/install/micro_ros_msgs/share/micro_ros_msgs/package.dsv\n'}
[4.721210] (micro_ros_msgs) StdoutLine: {'line': b'-- Installing: /home/mouha/esp32_led_spacebar/ros2_ws/install/micro_ros_msgs/share/ament_index/resource_index/packages/micro_ros_msgs\n'}
[4.721295] (micro_ros_msgs) StdoutLine: {'line': b'-- Installing: /home/mouha/esp32_led_spacebar/ros2_ws/install/micro_ros_msgs/share/micro_ros_msgs/cmake/export_micro_ros_msgs__rosidl_generator_cExport.cmake\n'}
[4.721371] (micro_ros_msgs) StdoutLine: {'line': b'-- Installing: /home/mouha/esp32_led_spacebar/ros2_ws/install/micro_ros_msgs/share/micro_ros_msgs/cmake/export_micro_ros_msgs__rosidl_generator_cExport-noconfig.cmake\n'}
[4.721447] (micro_ros_msgs) StdoutLine: {'line': b'-- Installing: /home/mouha/esp32_led_spacebar/ros2_ws/install/micro_ros_msgs/share/micro_ros_msgs/cmake/export_micro_ros_msgs__rosidl_typesupport_fastrtps_cExport.cmake\n'}
[4.721518] (micro_ros_msgs) StdoutLine: {'line': b'-- Installing: /home/mouha/esp32_led_spacebar/ros2_ws/install/micro_ros_msgs/share/micro_ros_msgs/cmake/export_micro_ros_msgs__rosidl_typesupport_fastrtps_cExport-noconfig.cmake\n'}
[4.721586] (micro_ros_msgs) StdoutLine: {'line': b'-- Installing: /home/mouha/esp32_led_spacebar/ros2_ws/install/micro_ros_msgs/share/micro_ros_msgs/cmake/micro_ros_msgs__rosidl_typesupport_introspection_cExport.cmake\n'}
[4.721660] (micro_ros_msgs) StdoutLine: {'line': b'-- Installing: /home/mouha/esp32_led_spacebar/ros2_ws/install/micro_ros_msgs/share/micro_ros_msgs/cmake/micro_ros_msgs__rosidl_typesupport_introspection_cExport-noconfig.cmake\n'}
[4.721733] (micro_ros_msgs) StdoutLine: {'line': b'-- Installing: /home/mouha/esp32_led_spacebar/ros2_ws/install/micro_ros_msgs/share/micro_ros_msgs/cmake/micro_ros_msgs__rosidl_typesupport_cExport.cmake\n'}
[4.721794] (micro_ros_msgs) StdoutLine: {'line': b'-- Installing: /home/mouha/esp32_led_spacebar/ros2_ws/install/micro_ros_msgs/share/micro_ros_msgs/cmake/micro_ros_msgs__rosidl_typesupport_cExport-noconfig.cmake\n'}
[4.721864] (micro_ros_msgs) StdoutLine: {'line': b'-- Installing: /home/mouha/esp32_led_spacebar/ros2_ws/install/micro_ros_msgs/share/micro_ros_msgs/cmake/export_micro_ros_msgs__rosidl_generator_cppExport.cmake\n'}
[4.721936] (micro_ros_msgs) StdoutLine: {'line': b'-- Installing: /home/mouha/esp32_led_spacebar/ros2_ws/install/micro_ros_msgs/share/micro_ros_msgs/cmake/export_micro_ros_msgs__rosidl_typesupport_fastrtps_cppExport.cmake\n'}
[4.721999] (micro_ros_msgs) StdoutLine: {'line': b'-- Installing: /home/mouha/esp32_led_spacebar/ros2_ws/install/micro_ros_msgs/share/micro_ros_msgs/cmake/export_micro_ros_msgs__rosidl_typesupport_fastrtps_cppExport-noconfig.cmake\n'}
[4.722068] (micro_ros_msgs) StdoutLine: {'line': b'-- Installing: /home/mouha/esp32_led_spacebar/ros2_ws/install/micro_ros_msgs/share/micro_ros_msgs/cmake/micro_ros_msgs__rosidl_typesupport_introspection_cppExport.cmake\n'}
[4.722146] (micro_ros_msgs) StdoutLine: {'line': b'-- Installing: /home/mouha/esp32_led_spacebar/ros2_ws/install/micro_ros_msgs/share/micro_ros_msgs/cmake/micro_ros_msgs__rosidl_typesupport_introspection_cppExport-noconfig.cmake\n'}
[4.722215] (micro_ros_msgs) StdoutLine: {'line': b'-- Installing: /home/mouha/esp32_led_spacebar/ros2_ws/install/micro_ros_msgs/share/micro_ros_msgs/cmake/micro_ros_msgs__rosidl_typesupport_cppExport.cmake\n'}
[4.722290] (micro_ros_msgs) StdoutLine: {'line': b'-- Installing: /home/mouha/esp32_led_spacebar/ros2_ws/install/micro_ros_msgs/share/micro_ros_msgs/cmake/micro_ros_msgs__rosidl_typesupport_cppExport-noconfig.cmake\n'}
[4.722359] (micro_ros_msgs) StdoutLine: {'line': b'-- Installing: /home/mouha/esp32_led_spacebar/ros2_ws/install/micro_ros_msgs/share/micro_ros_msgs/cmake/export_micro_ros_msgs__rosidl_generator_pyExport.cmake\n'}
[4.722418] (micro_ros_msgs) StdoutLine: {'line': b'-- Installing: /home/mouha/esp32_led_spacebar/ros2_ws/install/micro_ros_msgs/share/micro_ros_msgs/cmake/export_micro_ros_msgs__rosidl_generator_pyExport-noconfig.cmake\n'}
[4.722481] (micro_ros_msgs) StdoutLine: {'line': b'-- Installing: /home/mouha/esp32_led_spacebar/ros2_ws/install/micro_ros_msgs/share/micro_ros_msgs/cmake/rosidl_cmake-extras.cmake\n'}
[4.722569] (micro_ros_msgs) StdoutLine: {'line': b'-- Installing: /home/mouha/esp32_led_spacebar/ros2_ws/install/micro_ros_msgs/share/micro_ros_msgs/cmake/ament_cmake_export_include_directories-extras.cmake\n'}
[4.722634] (micro_ros_msgs) StdoutLine: {'line': b'-- Installing: /home/mouha/esp32_led_spacebar/ros2_ws/install/micro_ros_msgs/share/micro_ros_msgs/cmake/ament_cmake_export_libraries-extras.cmake\n'}
[4.722695] (micro_ros_msgs) StdoutLine: {'line': b'-- Installing: /home/mouha/esp32_led_spacebar/ros2_ws/install/micro_ros_msgs/share/micro_ros_msgs/cmake/ament_cmake_export_targets-extras.cmake\n'}
[4.722754] (micro_ros_msgs) StdoutLine: {'line': b'-- Installing: /home/mouha/esp32_led_spacebar/ros2_ws/install/micro_ros_msgs/share/micro_ros_msgs/cmake/rosidl_cmake_export_typesupport_targets-extras.cmake\n'}
[4.722813] (micro_ros_msgs) StdoutLine: {'line': b'-- Installing: /home/mouha/esp32_led_spacebar/ros2_ws/install/micro_ros_msgs/share/micro_ros_msgs/cmake/ament_cmake_export_dependencies-extras.cmake\n'}
[4.722879] (micro_ros_msgs) StdoutLine: {'line': b'-- Installing: /home/mouha/esp32_led_spacebar/ros2_ws/install/micro_ros_msgs/share/micro_ros_msgs/cmake/rosidl_cmake_export_typesupport_libraries-extras.cmake\n'}
[4.722939] (micro_ros_msgs) StdoutLine: {'line': b'-- Installing: /home/mouha/esp32_led_spacebar/ros2_ws/install/micro_ros_msgs/share/micro_ros_msgs/cmake/micro_ros_msgsConfig.cmake\n'}
[4.723000] (micro_ros_msgs) StdoutLine: {'line': b'-- Installing: /home/mouha/esp32_led_spacebar/ros2_ws/install/micro_ros_msgs/share/micro_ros_msgs/cmake/micro_ros_msgsConfig-version.cmake\n'}
[4.723060] (micro_ros_msgs) StdoutLine: {'line': b'-- Installing: /home/mouha/esp32_led_spacebar/ros2_ws/install/micro_ros_msgs/share/micro_ros_msgs/package.xml\n'}
[4.724606] (micro_ros_msgs) CommandEnded: {'returncode': 0}
[4.738533] (micro_ros_msgs) JobEnded: {'identifier': 'micro_ros_msgs', 'rc': 0}
[4.739067] (micro_ros_agent) JobStarted: {'identifier': 'micro_ros_agent'}
[4.745423] (micro_ros_agent) JobProgress: {'identifier': 'micro_ros_agent', 'progress': 'cmake'}
[4.745709] (micro_ros_agent) Command: {'cmd': ['/usr/bin/cmake', '/home/mouha/esp32_led_spacebar/ros2_ws/src/uros/micro-ROS-Agent/micro_ros_agent', '-DUAGENT_BUILD_EXECUTABLE=OFF', '-DUAGENT_P2P_PROFILE=OFF', '--no-warn-unused-cli', '-DCMAKE_INSTALL_PREFIX=/home/mouha/esp32_led_spacebar/ros2_ws/install/micro_ros_agent'], 'cwd': '/home/mouha/esp32_led_spacebar/ros2_ws/build/micro_ros_agent', 'env': OrderedDict({'GJS_DEBUG_TOPICS': 'JS ERROR;JS LOG', 'XDG_ACTIVATION_TOKEN': 'gnome-shell/Terminator/2487-2-mouha-TUF_TIME2363106', 'LESSOPEN': '| /usr/bin/lesspipe %s', 'GZ_SIM_RESOURCE_PATH': '/opt/ros/jazzy/share', 'LANGUAGE': 'en_GB:en', 'USER': 'mouha', 'LC_TIME': 'en_GB.UTF-8', 'GZ_CONFIG_PATH': '/opt/ros/jazzy/opt/gz_sim_vendor/share/gz:/opt/ros/jazzy/opt/sdformat_vendor/share/gz:/opt/ros/jazzy/opt/gz_gui_vendor/share/gz:/opt/ros/jazzy/opt/gz_transport_vendor/share/gz:/opt/ros/jazzy/opt/gz_rendering_vendor/share/gz:/opt/ros/jazzy/opt/gz_plugin_vendor/share/gz:/opt/ros/jazzy/opt/gz_fuel_tools_vendor/share/gz:/opt/ros/jazzy/opt/gz_msgs_vendor/share/gz:/opt/ros/jazzy/opt/gz_common_vendor/share/gz', 'XDG_SESSION_TYPE': 'wayland', 'STM32CubeMX_PATH': '/home/mouha/STM32CubeMX', 'CLUTTER_DISABLE_MIPMAPPED_TEXT': '1', 'SHLVL': '2', 'LD_LIBRARY_PATH': '/home/mouha/esp32_led_spacebar/ros2_ws/install/micro_ros_msgs/lib:/opt/ros/jazzy/opt/gz_sim_vendor/lib:/opt/ros/jazzy/opt/gz_sensors_vendor/lib:/opt/ros/jazzy/opt/gz_physics_vendor/lib:/opt/ros/jazzy/opt/sdformat_vendor/lib:/opt/ros/jazzy/opt/rviz_ogre_vendor/lib:/opt/ros/jazzy/lib/x86_64-linux-gnu:/opt/ros/jazzy/opt/gz_gui_vendor/lib:/opt/ros/jazzy/opt/gz_transport_vendor/lib:/opt/ros/jazzy/opt/gz_rendering_vendor/lib:/opt/ros/jazzy/opt/gz_plugin_vendor/lib:/opt/ros/jazzy/opt/gz_fuel_tools_vendor/lib:/opt/ros/jazzy/opt/gz_msgs_vendor/lib:/opt/ros/jazzy/opt/gz_common_vendor/lib:/opt/ros/jazzy/opt/gz_math_vendor/lib:/opt/ros/jazzy/opt/gz_utils_vendor/lib:/opt/ros/jazzy/opt/gz_tools_vendor/lib:/opt/ros/jazzy/opt/gz_ogre_next_vendor/lib:/opt/ros/jazzy/opt/gz_dartsim_vendor/lib:/opt/ros/jazzy/opt/gz_cmake_vendor/lib:/opt/ros/jazzy/lib', 'HOME': '/home/mouha', 'OLDPWD': '/home/mouha/esp32_led_spacebar/ros2_ws/src', 'DESKTOP_SESSION': 'ubuntu', 'GIO_LAUNCHED_DESKTOP_FILE': '/usr/share/applications/terminator.desktop', 'ROS_PYTHON_VERSION': '3', 'GNOME_SHELL_SESSION_MODE': 'ubuntu', 'GTK_MODULES': 'gail:atk-bridge', 'LC_MONETARY': 'en_GB.UTF-8', 'MANAGERPID': '2192', 'SYSTEMD_EXEC_PID': '2487', 'GSM_SKIP_SSH_AGENT_WORKAROUND': 'true', 'DBUS_SESSION_BUS_ADDRESS': 'unix:path=/run/user/1000/bus', 'COLORTERM': 'truecolor', 'TERMINATOR_DBUS_NAME': 'net.tenshu.Terminator25ef4b219e3b005583550f2b0f9f990c3', 'GIO_LAUNCHED_DESKTOP_FILE_PID': '7814', 'DEBUGINFOD_URLS': 'https://debuginfod.ubuntu.com', 'IM_CONFIG_PHASE': '1', 'WAYLAND_DISPLAY': 'wayland-0', 'COLCON_PREFIX_PATH': '/home/mouha/esp32_led_spacebar/ros2_ws/install', 'ROS_DISTRO': 'jazzy', 'LOGNAME': 'mouha', 'JOURNAL_STREAM': '10:20923', '_': '/usr/bin/colcon', 'ROS_VERSION': '2', 'MEMORY_PRESSURE_WATCH': '/sys/fs/cgroup/user.slice/user-1000.slice/user@1000.service/session.slice/org.gnome.Shell@wayland.service/memory.pressure', 'XDG_SESSION_CLASS': 'user', 'USERNAME': 'mouha', 'TERM': 'xterm-256color', 'GNOME_DESKTOP_SESSION_ID': 'this-is-deprecated', 'PATH': '/opt/ros/jazzy/opt/gz_msgs_vendor/bin:/opt/ros/jazzy/opt/gz_tools_vendor/bin:/opt/ros/jazzy/opt/gz_ogre_next_vendor/bin:/opt/ros/jazzy/bin:/home/mouha/.local/bin:/usr/local/sbin:/usr/local/bin:/usr/sbin:/usr/bin:/sbin:/bin:/usr/games:/usr/local/games:/snap/bin:/snap/bin', 'SESSION_MANAGER': 'local/mouha-TUF:@/tmp/.ICE-unix/2418,unix/mouha-TUF:/tmp/.ICE-unix/2418', 'INVOCATION_ID': '67e6c3afeb654d8387a8f8aaa2a0514e', 'PAPERSIZE': 'a4', 'XDG_MENU_PREFIX': 'gnome-', 'LC_ADDRESS': 'en_GB.UTF-8', 'GNOME_SETUP_DISPLAY': ':1', 'XDG_RUNTIME_DIR': '/run/user/1000', 'DISPLAY': ':0', 'TERMINATOR_DBUS_PATH': '/net/tenshu/Terminator2', 'LANG': 'en_GB.UTF-8', 'XDG_CURRENT_DESKTOP': 'ubuntu:GNOME', 'LC_TELEPHONE': 'en_GB.UTF-8', 'XMODIFIERS': '@im=ibus', 'XDG_SESSION_DESKTOP': 'ubuntu', 'XAUTHORITY': '/run/user/1000/.mutter-Xwaylandauth.0KO1S3', 'LS_COLORS': 'rs=0:di=01;34:ln=01;36:mh=00:pi=40;33:so=01;35:do=01;35:bd=40;33;01:cd=40;33;01:or=40;31;01:mi=00:su=37;41:sg=30;43:ca=00:tw=30;42:ow=34;42:st=37;44:ex=01;32:*.tar=01;31:*.tgz=01;31:*.arc=01;31:*.arj=01;31:*.taz=01;31:*.lha=01;31:*.lz4=01;31:*.lzh=01;31:*.lzma=01;31:*.tlz=01;31:*.txz=01;31:*.tzo=01;31:*.t7z=01;31:*.zip=01;31:*.z=01;31:*.dz=01;31:*.gz=01;31:*.lrz=01;31:*.lz=01;31:*.lzo=01;31:*.xz=01;31:*.zst=01;31:*.tzst=01;31:*.bz2=01;31:*.bz=01;31:*.tbz=01;31:*.tbz2=01;31:*.tz=01;31:*.deb=01;31:*.rpm=01;31:*.jar=01;31:*.war=01;31:*.ear=01;31:*.sar=01;31:*.rar=01;31:*.alz=01;31:*.ace=01;31:*.zoo=01;31:*.cpio=01;31:*.7z=01;31:*.rz=01;31:*.cab=01;31:*.wim=01;31:*.swm=01;31:*.dwm=01;31:*.esd=01;31:*.avif=01;35:*.jpg=01;35:*.jpeg=01;35:*.mjpg=01;35:*.mjpeg=01;35:*.gif=01;35:*.bmp=01;35:*.pbm=01;35:*.pgm=01;35:*.ppm=01;35:*.tga=01;35:*.xbm=01;35:*.xpm=01;35:*.tif=01;35:*.tiff=01;35:*.png=01;35:*.svg=01;35:*.svgz=01;35:*.mng=01;35:*.pcx=01;35:*.mov=01;35:*.mpg=01;35:*.mpeg=01;35:*.m2v=01;35:*.mkv=01;35:*.webm=01;35:*.webp=01;35:*.ogm=01;35:*.mp4=01;35:*.m4v=01;35:*.mp4v=01;35:*.vob=01;35:*.qt=01;35:*.nuv=01;35:*.wmv=01;35:*.asf=01;35:*.rm=01;35:*.rmvb=01;35:*.flc=01;35:*.avi=01;35:*.fli=01;35:*.flv=01;35:*.gl=01;35:*.dl=01;35:*.xcf=01;35:*.xwd=01;35:*.yuv=01;35:*.cgm=01;35:*.emf=01;35:*.ogv=01;35:*.ogx=01;35:*.aac=00;36:*.au=00;36:*.flac=00;36:*.m4a=00;36:*.mid=00;36:*.midi=00;36:*.mka=00;36:*.mp3=00;36:*.mpc=00;36:*.ogg=00;36:*.ra=00;36:*.wav=00;36:*.oga=00;36:*.opus=00;36:*.spx=00;36:*.xspf=00;36:*~=00;90:*#=00;90:*.bak=00;90:*.crdownload=00;90:*.dpkg-dist=00;90:*.dpkg-new=00;90:*.dpkg-old=00;90:*.dpkg-tmp=00;90:*.old=00;90:*.orig=00;90:*.part=00;90:*.rej=00;90:*.rpmnew=00;90:*.rpmorig=00;90:*.rpmsave=00;90:*.swp=00;90:*.tmp=00;90:*.ucf-dist=00;90:*.ucf-new=00;90:*.ucf-old=00;90:', 'SSH_AUTH_SOCK': '/run/user/1000/keyring/ssh', 'AMENT_PREFIX_PATH': '/home/mouha/esp32_led_spacebar/ros2_ws/install/micro_ros_msgs:/home/mouha/esp32_led_spacebar/ros2_ws/install/micro_ros_setup:/home/mouha/esp32_led_spacebar/ros2_ws/install/esp32_led_teleop:/home/mouha/esp32_led_spacebar/ros2_ws/install/esp32_led_status:/opt/ros/jazzy', 'SHELL': '/bin/bash', 'LC_NAME': 'en_GB.UTF-8', 'TERMINATOR_UUID': 'urn:uuid:26938286-87c2-49d8-a317-f8818f162ffe', 'QT_ACCESSIBILITY': '1', 'GDMSESSION': 'ubuntu', 'LESSCLOSE': '/usr/bin/lesspipe %s %s', 'LC_MEASUREMENT': 'en_GB.UTF-8', 'GJS_DEBUG_OUTPUT': 'stderr', 'LC_IDENTIFICATION': 'en_GB.UTF-8', 'ROS_AUTOMATIC_DISCOVERY_RANGE': 'SUBNET', 'QT_IM_MODULE': 'ibus', 'PWD': '/home/mouha/esp32_led_spacebar/ros2_ws/build/micro_ros_agent', 'LC_ALL': 'en_US.UTF-8', 'XDG_CONFIG_DIRS': '/etc/xdg/xdg-ubuntu:/etc/xdg', 'XDG_DATA_DIRS': '/usr/share/ubuntu:/usr/share/gnome:/usr/local/share/:/usr/share/:/var/lib/snapd/desktop', 'QTWEBENGINE_DICTIONARIES_PATH': '/usr/share/hunspell-bdic/', 'PYTHONPATH': '/home/mouha/esp32_led_spacebar/ros2_ws/install/micro_ros_msgs/lib/python3.12/site-packages:/home/mouha/esp32_led_spacebar/ros2_ws/install/esp32_led_teleop/lib/python3.12/site-packages:/opt/ros/jazzy/lib/python3.12/site-packages', 'LC_NUMERIC': 'en_GB.UTF-8', 'LC_PAPER': 'en_GB.UTF-8', 'COLCON': '1', 'MEMORY_PRESSURE_WRITE': 'c29tZSAyMDAwMDAgMjAwMDAwMAA=', 'VTE_VERSION': '7600', 'CMAKE_PREFIX_PATH': '/home/mouha/esp32_led_spacebar/ros2_ws/install/micro_ros_msgs:/home/mouha/esp32_led_spacebar/ros2_ws/install/micro_ros_setup:/home/mouha/esp32_led_spacebar/ros2_ws/install/esp32_led_status:/opt/ros/jazzy/opt/gz_sim_vendor:/opt/ros/jazzy/opt/gz_sensors_vendor:/opt/ros/jazzy/opt/gz_physics_vendor:/opt/ros/jazzy/opt/sdformat_vendor:/opt/ros/jazzy/opt/gz_gui_vendor:/opt/ros/jazzy/opt/gz_transport_vendor:/opt/ros/jazzy/opt/gz_rendering_vendor:/opt/ros/jazzy/opt/gz_plugin_vendor:/opt/ros/jazzy/opt/gz_fuel_tools_vendor:/opt/ros/jazzy/opt/gz_msgs_vendor:/opt/ros/jazzy/opt/gz_common_vendor:/opt/ros/jazzy/opt/gz_math_vendor:/opt/ros/jazzy/opt/gz_utils_vendor:/opt/ros/jazzy/opt/gz_tools_vendor:/opt/ros/jazzy/opt/gz_ogre_next_vendor:/opt/ros/jazzy/opt/gz_dartsim_vendor:/opt/ros/jazzy/opt/gz_cmake_vendor:/home/mouha/esp32_led_spacebar/ros2_ws/install/esp32_led_teleop:/opt/ros/jazzy'}), 'shell': False}
[4.751491] (micro_ros_agent) StdoutLine: {'line': b'Not searching for unused variables given on the command line.\n'}
[4.790532] (micro_ros_agent) StdoutLine: {'line': b'-- The C compiler identification is GNU 13.3.0\n'}
[4.798795] (micro_ros_agent) StdoutLine: {'line': b'-- Detecting C compiler ABI info\n'}
[4.810588] (-) TimerEvent: {}
[4.857989] (micro_ros_agent) StdoutLine: {'line': b'-- Detecting C compiler ABI info - done\n'}
[4.864398] (micro_ros_agent) StdoutLine: {'line': b'-- Check for working C compiler: /usr/bin/cc - skipped\n'}
[4.864610] (micro_ros_agent) StdoutLine: {'line': b'-- Detecting C compile features\n'}
[4.864983] (micro_ros_agent) StdoutLine: {'line': b'-- Detecting C compile features - done\n'}
[4.900409] (micro_ros_agent) StdoutLine: {'line': b'-- The CXX compiler identification is GNU 13.3.0\n'}
[4.909005] (micro_ros_agent) StdoutLine: {'line': b'-- Detecting CXX compiler ABI info\n'}
[4.910635] (-) TimerEvent: {}
[4.980309] (micro_ros_agent) StdoutLine: {'line': b'-- Detecting CXX compiler ABI info - done\n'}
[4.987008] (micro_ros_agent) StdoutLine: {'line': b'-- Check for working CXX compiler: /usr/bin/c++ - skipped\n'}
[4.987218] (micro_ros_agent) StdoutLine: {'line': b'-- Detecting CXX compile features\n'}
[4.987533] (micro_ros_agent) StdoutLine: {'line': b'-- Detecting CXX compile features - done\n'}
[5.010738] (-) TimerEvent: {}
[5.014895] (micro_ros_agent) StdoutLine: {'line': b'-- Configuring done (0.3s)\n'}
[5.017139] (micro_ros_agent) StdoutLine: {'line': b'-- Generating done (0.0s)\n'}
[5.018105] (micro_ros_agent) StdoutLine: {'line': b'-- Build files have been written to: /home/mouha/esp32_led_spacebar/ros2_ws/build/micro_ros_agent\n'}
[5.021334] (micro_ros_agent) CommandEnded: {'returncode': 0}
[5.021728] (micro_ros_agent) JobProgress: {'identifier': 'micro_ros_agent', 'progress': 'build'}
[5.021848] (micro_ros_agent) Command: {'cmd': ['/usr/bin/cmake', '--build', '/home/mouha/esp32_led_spacebar/ros2_ws/build/micro_ros_agent', '--', '-j12', '-l12'], 'cwd': '/home/mouha/esp32_led_spacebar/ros2_ws/build/micro_ros_agent', 'env': OrderedDict({'GJS_DEBUG_TOPICS': 'JS ERROR;JS LOG', 'XDG_ACTIVATION_TOKEN': 'gnome-shell/Terminator/2487-2-mouha-TUF_TIME2363106', 'LESSOPEN': '| /usr/bin/lesspipe %s', 'GZ_SIM_RESOURCE_PATH': '/opt/ros/jazzy/share', 'LANGUAGE': 'en_GB:en', 'USER': 'mouha', 'LC_TIME': 'en_GB.UTF-8', 'GZ_CONFIG_PATH': '/opt/ros/jazzy/opt/gz_sim_vendor/share/gz:/opt/ros/jazzy/opt/sdformat_vendor/share/gz:/opt/ros/jazzy/opt/gz_gui_vendor/share/gz:/opt/ros/jazzy/opt/gz_transport_vendor/share/gz:/opt/ros/jazzy/opt/gz_rendering_vendor/share/gz:/opt/ros/jazzy/opt/gz_plugin_vendor/share/gz:/opt/ros/jazzy/opt/gz_fuel_tools_vendor/share/gz:/opt/ros/jazzy/opt/gz_msgs_vendor/share/gz:/opt/ros/jazzy/opt/gz_common_vendor/share/gz', 'XDG_SESSION_TYPE': 'wayland', 'STM32CubeMX_PATH': '/home/mouha/STM32CubeMX', 'CLUTTER_DISABLE_MIPMAPPED_TEXT': '1', 'SHLVL': '2', 'LD_LIBRARY_PATH': '/home/mouha/esp32_led_spacebar/ros2_ws/install/micro_ros_msgs/lib:/opt/ros/jazzy/opt/gz_sim_vendor/lib:/opt/ros/jazzy/opt/gz_sensors_vendor/lib:/opt/ros/jazzy/opt/gz_physics_vendor/lib:/opt/ros/jazzy/opt/sdformat_vendor/lib:/opt/ros/jazzy/opt/rviz_ogre_vendor/lib:/opt/ros/jazzy/lib/x86_64-linux-gnu:/opt/ros/jazzy/opt/gz_gui_vendor/lib:/opt/ros/jazzy/opt/gz_transport_vendor/lib:/opt/ros/jazzy/opt/gz_rendering_vendor/lib:/opt/ros/jazzy/opt/gz_plugin_vendor/lib:/opt/ros/jazzy/opt/gz_fuel_tools_vendor/lib:/opt/ros/jazzy/opt/gz_msgs_vendor/lib:/opt/ros/jazzy/opt/gz_common_vendor/lib:/opt/ros/jazzy/opt/gz_math_vendor/lib:/opt/ros/jazzy/opt/gz_utils_vendor/lib:/opt/ros/jazzy/opt/gz_tools_vendor/lib:/opt/ros/jazzy/opt/gz_ogre_next_vendor/lib:/opt/ros/jazzy/opt/gz_dartsim_vendor/lib:/opt/ros/jazzy/opt/gz_cmake_vendor/lib:/opt/ros/jazzy/lib', 'HOME': '/home/mouha', 'OLDPWD': '/home/mouha/esp32_led_spacebar/ros2_ws/src', 'DESKTOP_SESSION': 'ubuntu', 'GIO_LAUNCHED_DESKTOP_FILE': '/usr/share/applications/terminator.desktop', 'ROS_PYTHON_VERSION': '3', 'GNOME_SHELL_SESSION_MODE': 'ubuntu', 'GTK_MODULES': 'gail:atk-bridge', 'LC_MONETARY': 'en_GB.UTF-8', 'MANAGERPID': '2192', 'SYSTEMD_EXEC_PID': '2487', 'GSM_SKIP_SSH_AGENT_WORKAROUND': 'true', 'DBUS_SESSION_BUS_ADDRESS': 'unix:path=/run/user/1000/bus', 'COLORTERM': 'truecolor', 'TERMINATOR_DBUS_NAME': 'net.tenshu.Terminator25ef4b219e3b005583550f2b0f9f990c3', 'GIO_LAUNCHED_DESKTOP_FILE_PID': '7814', 'DEBUGINFOD_URLS': 'https://debuginfod.ubuntu.com', 'IM_CONFIG_PHASE': '1', 'WAYLAND_DISPLAY': 'wayland-0', 'COLCON_PREFIX_PATH': '/home/mouha/esp32_led_spacebar/ros2_ws/install', 'ROS_DISTRO': 'jazzy', 'LOGNAME': 'mouha', 'JOURNAL_STREAM': '10:20923', '_': '/usr/bin/colcon', 'ROS_VERSION': '2', 'MEMORY_PRESSURE_WATCH': '/sys/fs/cgroup/user.slice/user-1000.slice/user@1000.service/session.slice/org.gnome.Shell@wayland.service/memory.pressure', 'XDG_SESSION_CLASS': 'user', 'USERNAME': 'mouha', 'TERM': 'xterm-256color', 'GNOME_DESKTOP_SESSION_ID': 'this-is-deprecated', 'PATH': '/opt/ros/jazzy/opt/gz_msgs_vendor/bin:/opt/ros/jazzy/opt/gz_tools_vendor/bin:/opt/ros/jazzy/opt/gz_ogre_next_vendor/bin:/opt/ros/jazzy/bin:/home/mouha/.local/bin:/usr/local/sbin:/usr/local/bin:/usr/sbin:/usr/bin:/sbin:/bin:/usr/games:/usr/local/games:/snap/bin:/snap/bin', 'SESSION_MANAGER': 'local/mouha-TUF:@/tmp/.ICE-unix/2418,unix/mouha-TUF:/tmp/.ICE-unix/2418', 'INVOCATION_ID': '67e6c3afeb654d8387a8f8aaa2a0514e', 'PAPERSIZE': 'a4', 'XDG_MENU_PREFIX': 'gnome-', 'LC_ADDRESS': 'en_GB.UTF-8', 'GNOME_SETUP_DISPLAY': ':1', 'XDG_RUNTIME_DIR': '/run/user/1000', 'DISPLAY': ':0', 'TERMINATOR_DBUS_PATH': '/net/tenshu/Terminator2', 'LANG': 'en_GB.UTF-8', 'XDG_CURRENT_DESKTOP': 'ubuntu:GNOME', 'LC_TELEPHONE': 'en_GB.UTF-8', 'XMODIFIERS': '@im=ibus', 'XDG_SESSION_DESKTOP': 'ubuntu', 'XAUTHORITY': '/run/user/1000/.mutter-Xwaylandauth.0KO1S3', 'LS_COLORS': 'rs=0:di=01;34:ln=01;36:mh=00:pi=40;33:so=01;35:do=01;35:bd=40;33;01:cd=40;33;01:or=40;31;01:mi=00:su=37;41:sg=30;43:ca=00:tw=30;42:ow=34;42:st=37;44:ex=01;32:*.tar=01;31:*.tgz=01;31:*.arc=01;31:*.arj=01;31:*.taz=01;31:*.lha=01;31:*.lz4=01;31:*.lzh=01;31:*.lzma=01;31:*.tlz=01;31:*.txz=01;31:*.tzo=01;31:*.t7z=01;31:*.zip=01;31:*.z=01;31:*.dz=01;31:*.gz=01;31:*.lrz=01;31:*.lz=01;31:*.lzo=01;31:*.xz=01;31:*.zst=01;31:*.tzst=01;31:*.bz2=01;31:*.bz=01;31:*.tbz=01;31:*.tbz2=01;31:*.tz=01;31:*.deb=01;31:*.rpm=01;31:*.jar=01;31:*.war=01;31:*.ear=01;31:*.sar=01;31:*.rar=01;31:*.alz=01;31:*.ace=01;31:*.zoo=01;31:*.cpio=01;31:*.7z=01;31:*.rz=01;31:*.cab=01;31:*.wim=01;31:*.swm=01;31:*.dwm=01;31:*.esd=01;31:*.avif=01;35:*.jpg=01;35:*.jpeg=01;35:*.mjpg=01;35:*.mjpeg=01;35:*.gif=01;35:*.bmp=01;35:*.pbm=01;35:*.pgm=01;35:*.ppm=01;35:*.tga=01;35:*.xbm=01;35:*.xpm=01;35:*.tif=01;35:*.tiff=01;35:*.png=01;35:*.svg=01;35:*.svgz=01;35:*.mng=01;35:*.pcx=01;35:*.mov=01;35:*.mpg=01;35:*.mpeg=01;35:*.m2v=01;35:*.mkv=01;35:*.webm=01;35:*.webp=01;35:*.ogm=01;35:*.mp4=01;35:*.m4v=01;35:*.mp4v=01;35:*.vob=01;35:*.qt=01;35:*.nuv=01;35:*.wmv=01;35:*.asf=01;35:*.rm=01;35:*.rmvb=01;35:*.flc=01;35:*.avi=01;35:*.fli=01;35:*.flv=01;35:*.gl=01;35:*.dl=01;35:*.xcf=01;35:*.xwd=01;35:*.yuv=01;35:*.cgm=01;35:*.emf=01;35:*.ogv=01;35:*.ogx=01;35:*.aac=00;36:*.au=00;36:*.flac=00;36:*.m4a=00;36:*.mid=00;36:*.midi=00;36:*.mka=00;36:*.mp3=00;36:*.mpc=00;36:*.ogg=00;36:*.ra=00;36:*.wav=00;36:*.oga=00;36:*.opus=00;36:*.spx=00;36:*.xspf=00;36:*~=00;90:*#=00;90:*.bak=00;90:*.crdownload=00;90:*.dpkg-dist=00;90:*.dpkg-new=00;90:*.dpkg-old=00;90:*.dpkg-tmp=00;90:*.old=00;90:*.orig=00;90:*.part=00;90:*.rej=00;90:*.rpmnew=00;90:*.rpmorig=00;90:*.rpmsave=00;90:*.swp=00;90:*.tmp=00;90:*.ucf-dist=00;90:*.ucf-new=00;90:*.ucf-old=00;90:', 'SSH_AUTH_SOCK': '/run/user/1000/keyring/ssh', 'AMENT_PREFIX_PATH': '/home/mouha/esp32_led_spacebar/ros2_ws/install/micro_ros_msgs:/home/mouha/esp32_led_spacebar/ros2_ws/install/micro_ros_setup:/home/mouha/esp32_led_spacebar/ros2_ws/install/esp32_led_teleop:/home/mouha/esp32_led_spacebar/ros2_ws/install/esp32_led_status:/opt/ros/jazzy', 'SHELL': '/bin/bash', 'LC_NAME': 'en_GB.UTF-8', 'TERMINATOR_UUID': 'urn:uuid:26938286-87c2-49d8-a317-f8818f162ffe', 'QT_ACCESSIBILITY': '1', 'GDMSESSION': 'ubuntu', 'LESSCLOSE': '/usr/bin/lesspipe %s %s', 'LC_MEASUREMENT': 'en_GB.UTF-8', 'GJS_DEBUG_OUTPUT': 'stderr', 'LC_IDENTIFICATION': 'en_GB.UTF-8', 'ROS_AUTOMATIC_DISCOVERY_RANGE': 'SUBNET', 'QT_IM_MODULE': 'ibus', 'PWD': '/home/mouha/esp32_led_spacebar/ros2_ws/build/micro_ros_agent', 'LC_ALL': 'en_US.UTF-8', 'XDG_CONFIG_DIRS': '/etc/xdg/xdg-ubuntu:/etc/xdg', 'XDG_DATA_DIRS': '/usr/share/ubuntu:/usr/share/gnome:/usr/local/share/:/usr/share/:/var/lib/snapd/desktop', 'QTWEBENGINE_DICTIONARIES_PATH': '/usr/share/hunspell-bdic/', 'PYTHONPATH': '/home/mouha/esp32_led_spacebar/ros2_ws/install/micro_ros_msgs/lib/python3.12/site-packages:/home/mouha/esp32_led_spacebar/ros2_ws/install/esp32_led_teleop/lib/python3.12/site-packages:/opt/ros/jazzy/lib/python3.12/site-packages', 'LC_NUMERIC': 'en_GB.UTF-8', 'LC_PAPER': 'en_GB.UTF-8', 'COLCON': '1', 'MEMORY_PRESSURE_WRITE': 'c29tZSAyMDAwMDAgMjAwMDAwMAA=', 'VTE_VERSION': '7600', 'CMAKE_PREFIX_PATH': '/home/mouha/esp32_led_spacebar/ros2_ws/install/micro_ros_msgs:/home/mouha/esp32_led_spacebar/ros2_ws/install/micro_ros_setup:/home/mouha/esp32_led_spacebar/ros2_ws/install/esp32_led_status:/opt/ros/jazzy/opt/gz_sim_vendor:/opt/ros/jazzy/opt/gz_sensors_vendor:/opt/ros/jazzy/opt/gz_physics_vendor:/opt/ros/jazzy/opt/sdformat_vendor:/opt/ros/jazzy/opt/gz_gui_vendor:/opt/ros/jazzy/opt/gz_transport_vendor:/opt/ros/jazzy/opt/gz_rendering_vendor:/opt/ros/jazzy/opt/gz_plugin_vendor:/opt/ros/jazzy/opt/gz_fuel_tools_vendor:/opt/ros/jazzy/opt/gz_msgs_vendor:/opt/ros/jazzy/opt/gz_common_vendor:/opt/ros/jazzy/opt/gz_math_vendor:/opt/ros/jazzy/opt/gz_utils_vendor:/opt/ros/jazzy/opt/gz_tools_vendor:/opt/ros/jazzy/opt/gz_ogre_next_vendor:/opt/ros/jazzy/opt/gz_dartsim_vendor:/opt/ros/jazzy/opt/gz_cmake_vendor:/home/mouha/esp32_led_spacebar/ros2_ws/install/esp32_led_teleop:/opt/ros/jazzy'}), 'shell': False}
[5.058318] (micro_ros_agent) StdoutLine: {'line': b"[  6%] \x1b[34m\x1b[1mCreating directories for 'xrceagent'\x1b[0m\n"}
[5.077251] (micro_ros_agent) StdoutLine: {'line': b"[ 12%] \x1b[34m\x1b[1mPerforming download step (git clone) for 'xrceagent'\x1b[0m\n"}
[5.091969] (micro_ros_agent) StderrLine: {'line': b"Cloning into 'xrceagent'...\n"}
[5.110840] (-) TimerEvent: {}
[5.211125] (-) TimerEvent: {}
[5.311380] (-) TimerEvent: {}
[5.411618] (-) TimerEvent: {}
[5.511881] (-) TimerEvent: {}
[5.612102] (-) TimerEvent: {}
[5.712362] (-) TimerEvent: {}
[5.812619] (-) TimerEvent: {}
[5.912864] (-) TimerEvent: {}
[6.013125] (-) TimerEvent: {}
[6.113357] (-) TimerEvent: {}
[6.213609] (-) TimerEvent: {}
[6.313832] (-) TimerEvent: {}
[6.414081] (-) TimerEvent: {}
[6.514332] (-) TimerEvent: {}
[6.614570] (-) TimerEvent: {}
[6.714821] (-) TimerEvent: {}
[6.815146] (-) TimerEvent: {}
[6.915402] (-) TimerEvent: {}
[7.015663] (-) TimerEvent: {}
[7.115880] (-) TimerEvent: {}
[7.216093] (-) TimerEvent: {}
[7.316345] (-) TimerEvent: {}
[7.416567] (-) TimerEvent: {}
[7.516796] (-) TimerEvent: {}
[7.617051] (-) TimerEvent: {}
[7.717279] (-) TimerEvent: {}
[7.817530] (-) TimerEvent: {}
[7.917775] (-) TimerEvent: {}
[8.018008] (-) TimerEvent: {}
[8.118253] (-) TimerEvent: {}
[8.218476] (-) TimerEvent: {}
[8.318711] (-) TimerEvent: {}
[8.418973] (-) TimerEvent: {}
[8.519196] (-) TimerEvent: {}
[8.619429] (-) TimerEvent: {}
[8.719674] (-) TimerEvent: {}
[8.819903] (-) TimerEvent: {}
[8.920141] (-) TimerEvent: {}
[9.020411] (-) TimerEvent: {}
[9.120662] (-) TimerEvent: {}
[9.220870] (-) TimerEvent: {}
[9.321078] (-) TimerEvent: {}
[9.421302] (-) TimerEvent: {}
[9.521517] (-) TimerEvent: {}
[9.621760] (-) TimerEvent: {}
[9.722013] (-) TimerEvent: {}
[9.822261] (-) TimerEvent: {}
[9.922483] (-) TimerEvent: {}
[10.022739] (-) TimerEvent: {}
[10.122972] (-) TimerEvent: {}
[10.223195] (-) TimerEvent: {}
[10.323441] (-) TimerEvent: {}
[10.423679] (-) TimerEvent: {}
[10.523894] (-) TimerEvent: {}
[10.624151] (-) TimerEvent: {}
[10.724412] (-) TimerEvent: {}
[10.824648] (-) TimerEvent: {}
[10.924871] (-) TimerEvent: {}
[11.025102] (-) TimerEvent: {}
[11.125316] (-) TimerEvent: {}
[11.225566] (-) TimerEvent: {}
[11.325784] (-) TimerEvent: {}
[11.426019] (-) TimerEvent: {}
[11.526261] (-) TimerEvent: {}
[11.626493] (-) TimerEvent: {}
[11.726649] (-) TimerEvent: {}
[11.826855] (-) TimerEvent: {}
[11.927106] (-) TimerEvent: {}
[12.027348] (-) TimerEvent: {}
[12.127551] (-) TimerEvent: {}
[12.227755] (-) TimerEvent: {}
[12.327977] (-) TimerEvent: {}
[12.428194] (-) TimerEvent: {}
[12.528412] (-) TimerEvent: {}
[12.628625] (-) TimerEvent: {}
[12.728844] (-) TimerEvent: {}
[12.829085] (-) TimerEvent: {}
[12.929311] (-) TimerEvent: {}
[13.029518] (-) TimerEvent: {}
[13.129740] (-) TimerEvent: {}
[13.229978] (-) TimerEvent: {}
[13.330182] (-) TimerEvent: {}
[13.430395] (-) TimerEvent: {}
[13.530629] (-) TimerEvent: {}
[13.630856] (-) TimerEvent: {}
[13.731050] (-) TimerEvent: {}
[13.831280] (-) TimerEvent: {}
[13.931562] (-) TimerEvent: {}
[14.031789] (-) TimerEvent: {}
[14.132024] (-) TimerEvent: {}
[14.232257] (-) TimerEvent: {}
[14.332462] (-) TimerEvent: {}
[14.432643] (-) TimerEvent: {}
[14.532843] (-) TimerEvent: {}
[14.633069] (-) TimerEvent: {}
[14.733301] (-) TimerEvent: {}
[14.833522] (-) TimerEvent: {}
[14.933828] (-) TimerEvent: {}
[15.034067] (-) TimerEvent: {}
[15.134299] (-) TimerEvent: {}
[15.234499] (-) TimerEvent: {}
[15.334721] (-) TimerEvent: {}
[15.434927] (-) TimerEvent: {}
[15.535141] (-) TimerEvent: {}
[15.635417] (-) TimerEvent: {}
[15.735684] (-) TimerEvent: {}
[15.835905] (-) TimerEvent: {}
[15.936145] (-) TimerEvent: {}
[16.036390] (-) TimerEvent: {}
[16.136681] (-) TimerEvent: {}
[16.236894] (-) TimerEvent: {}
[16.337125] (-) TimerEvent: {}
[16.437356] (-) TimerEvent: {}
[16.537607] (-) TimerEvent: {}
[16.637830] (-) TimerEvent: {}
[16.738059] (-) TimerEvent: {}
[16.838290] (-) TimerEvent: {}
[16.938550] (-) TimerEvent: {}
[17.038750] (-) TimerEvent: {}
[17.138970] (-) TimerEvent: {}
[17.239216] (-) TimerEvent: {}
[17.339466] (-) TimerEvent: {}
[17.439774] (-) TimerEvent: {}
[17.540003] (-) TimerEvent: {}
[17.640237] (-) TimerEvent: {}
[17.740441] (-) TimerEvent: {}
[17.840705] (-) TimerEvent: {}
[17.940941] (-) TimerEvent: {}
[18.041186] (-) TimerEvent: {}
[18.141490] (-) TimerEvent: {}
[18.241864] (-) TimerEvent: {}
[18.342098] (-) TimerEvent: {}
[18.442318] (-) TimerEvent: {}
[18.542589] (-) TimerEvent: {}
[18.642798] (-) TimerEvent: {}
[18.743035] (-) TimerEvent: {}
[18.843316] (-) TimerEvent: {}
[18.943621] (-) TimerEvent: {}
[19.043895] (-) TimerEvent: {}
[19.144130] (-) TimerEvent: {}
[19.244354] (-) TimerEvent: {}
[19.344564] (-) TimerEvent: {}
[19.444774] (-) TimerEvent: {}
[19.545000] (-) TimerEvent: {}
[19.645294] (-) TimerEvent: {}
[19.745521] (-) TimerEvent: {}
[19.845734] (-) TimerEvent: {}
[19.945939] (-) TimerEvent: {}
[20.046166] (-) TimerEvent: {}
[20.146405] (-) TimerEvent: {}
[20.246655] (-) TimerEvent: {}
[20.346878] (-) TimerEvent: {}
[20.447099] (-) TimerEvent: {}
[20.547376] (-) TimerEvent: {}
[20.647618] (-) TimerEvent: {}
[20.747855] (-) TimerEvent: {}
[20.848086] (-) TimerEvent: {}
[20.948340] (-) TimerEvent: {}
[21.048600] (-) TimerEvent: {}
[21.148813] (-) TimerEvent: {}
[21.249033] (-) TimerEvent: {}
[21.349273] (-) TimerEvent: {}
[21.449478] (-) TimerEvent: {}
[21.549677] (-) TimerEvent: {}
[21.649880] (-) TimerEvent: {}
[21.750119] (-) TimerEvent: {}
[21.850357] (-) TimerEvent: {}
[21.950602] (-) TimerEvent: {}
[22.050864] (-) TimerEvent: {}
[22.151114] (-) TimerEvent: {}
[22.251432] (-) TimerEvent: {}
[22.351746] (-) TimerEvent: {}
[22.452026] (-) TimerEvent: {}
[22.552330] (-) TimerEvent: {}
[22.652635] (-) TimerEvent: {}
[22.752915] (-) TimerEvent: {}
[22.853194] (-) TimerEvent: {}
[22.953438] (-) TimerEvent: {}
[23.053788] (-) TimerEvent: {}
[23.154016] (-) TimerEvent: {}
[23.168517] (micro_ros_agent) StderrLine: {'line': b'HEAD is now at 7362281 Release v2.4.3\n'}
[23.204056] (micro_ros_agent) StdoutLine: {'line': b"[ 18%] \x1b[34m\x1b[1mPerforming update step for 'xrceagent'\x1b[0m\n"}
[23.222060] (micro_ros_agent) StdoutLine: {'line': b"[ 25%] \x1b[34m\x1b[1mNo patch step for 'xrceagent'\x1b[0m\n"}
[23.239989] (micro_ros_agent) StdoutLine: {'line': b"[ 31%] \x1b[34m\x1b[1mPerforming configure step for 'xrceagent'\x1b[0m\n"}
[23.246497] (micro_ros_agent) StdoutLine: {'line': b'loading initial cache file /home/mouha/esp32_led_spacebar/ros2_ws/build/micro_ros_agent/agent/tmp/xrceagent-cache-.cmake\n'}
[23.254117] (-) TimerEvent: {}
[23.288023] (micro_ros_agent) StdoutLine: {'line': b'-- The C compiler identification is GNU 13.3.0\n'}
[23.297141] (micro_ros_agent) StdoutLine: {'line': b'-- Detecting C compiler ABI info\n'}
[23.354216] (-) TimerEvent: {}
[23.360017] (micro_ros_agent) StdoutLine: {'line': b'-- Detecting C compiler ABI info - done\n'}
[23.366998] (micro_ros_agent) StdoutLine: {'line': b'-- Check for working C compiler: /usr/bin/cc - skipped\n'}
[23.367198] (micro_ros_agent) StdoutLine: {'line': b'-- Detecting C compile features\n'}
[23.367516] (micro_ros_agent) StdoutLine: {'line': b'-- Detecting C compile features - done\n'}
[23.405020] (micro_ros_agent) StdoutLine: {'line': b'-- The CXX compiler identification is GNU 13.3.0\n'}
[23.414069] (micro_ros_agent) StdoutLine: {'line': b'-- Detecting CXX compiler ABI info\n'}
[23.454318] (-) TimerEvent: {}
[23.484892] (micro_ros_agent) StdoutLine: {'line': b'-- Detecting CXX compiler ABI info - done\n'}
[23.491919] (micro_ros_agent) StdoutLine: {'line': b'-- Check for working CXX compiler: /usr/bin/c++ - skipped\n'}
[23.492122] (micro_ros_agent) StdoutLine: {'line': b'-- Detecting CXX compile features\n'}
[23.492572] (micro_ros_agent) StdoutLine: {'line': b'-- Detecting CXX compile features - done\n'}
[23.520542] (micro_ros_agent) StdoutLine: {'line': b'-- Configuring done (0.3s)\n'}
[23.522738] (micro_ros_agent) StdoutLine: {'line': b'-- Generating done (0.0s)\n'}
[23.523340] (micro_ros_agent) StdoutLine: {'line': b'-- Build files have been written to: /home/mouha/esp32_led_spacebar/ros2_ws/build/micro_ros_agent/agent/src/xrceagent-build\n'}
[23.539719] (micro_ros_agent) StdoutLine: {'line': b"[ 37%] \x1b[34m\x1b[1mPerforming build step for 'xrceagent'\x1b[0m\n"}
[23.554413] (-) TimerEvent: {}
[23.570103] (micro_ros_agent) StdoutLine: {'line': b"[  6%] \x1b[34m\x1b[1mCreating directories for 'spdlog'\x1b[0m\n"}
[23.588817] (micro_ros_agent) StdoutLine: {'line': b"[ 12%] \x1b[34m\x1b[1mPerforming download step (git clone) for 'spdlog'\x1b[0m\n"}
[23.603426] (micro_ros_agent) StderrLine: {'line': b"Cloning into 'spdlog'...\n"}
[23.654525] (-) TimerEvent: {}
[23.754771] (-) TimerEvent: {}
[23.854993] (-) TimerEvent: {}
[23.955222] (-) TimerEvent: {}
[24.055438] (-) TimerEvent: {}
[24.155672] (-) TimerEvent: {}
[24.255918] (-) TimerEvent: {}
[24.356156] (-) TimerEvent: {}
[24.456390] (-) TimerEvent: {}
[24.556641] (-) TimerEvent: {}
[24.656853] (-) TimerEvent: {}
[24.757077] (-) TimerEvent: {}
[24.857317] (-) TimerEvent: {}
[24.957525] (-) TimerEvent: {}
[25.057743] (-) TimerEvent: {}
[25.157951] (-) TimerEvent: {}
[25.258213] (-) TimerEvent: {}
[25.358498] (-) TimerEvent: {}
[25.458717] (-) TimerEvent: {}
[25.558928] (-) TimerEvent: {}
[25.659325] (-) TimerEvent: {}
[25.759665] (-) TimerEvent: {}
[25.859876] (-) TimerEvent: {}
[25.960103] (-) TimerEvent: {}
[26.060394] (-) TimerEvent: {}
[26.160625] (-) TimerEvent: {}
[26.260909] (-) TimerEvent: {}
[26.361157] (-) TimerEvent: {}
[26.461387] (-) TimerEvent: {}
[26.561623] (-) TimerEvent: {}
[26.661885] (-) TimerEvent: {}
[26.762142] (-) TimerEvent: {}
[26.862386] (-) TimerEvent: {}
[26.962706] (-) TimerEvent: {}
[27.062939] (-) TimerEvent: {}
[27.163184] (-) TimerEvent: {}
[27.263417] (-) TimerEvent: {}
[27.363652] (-) TimerEvent: {}
[27.463853] (-) TimerEvent: {}
[27.564071] (-) TimerEvent: {}
[27.664294] (-) TimerEvent: {}
[27.764529] (-) TimerEvent: {}
[27.864783] (-) TimerEvent: {}
[27.965047] (-) TimerEvent: {}
[28.065304] (-) TimerEvent: {}
[28.165513] (-) TimerEvent: {}
[28.265824] (-) TimerEvent: {}
[28.366133] (-) TimerEvent: {}
[28.466410] (-) TimerEvent: {}
[28.566683] (-) TimerEvent: {}
[28.666902] (-) TimerEvent: {}
[28.767151] (-) TimerEvent: {}
[28.867377] (-) TimerEvent: {}
[28.967629] (-) TimerEvent: {}
[29.067841] (-) TimerEvent: {}
[29.168042] (-) TimerEvent: {}
[29.268276] (-) TimerEvent: {}
[29.368505] (-) TimerEvent: {}
[29.468753] (-) TimerEvent: {}
[29.568986] (-) TimerEvent: {}
[29.669278] (-) TimerEvent: {}
[29.769635] (-) TimerEvent: {}
[29.869870] (-) TimerEvent: {}
[29.970122] (-) TimerEvent: {}
[30.070367] (-) TimerEvent: {}
[30.170591] (-) TimerEvent: {}
[30.270830] (-) TimerEvent: {}
[30.371050] (-) TimerEvent: {}
[30.471297] (-) TimerEvent: {}
[30.571540] (-) TimerEvent: {}
[30.671825] (-) TimerEvent: {}
[30.772088] (-) TimerEvent: {}
[30.872328] (-) TimerEvent: {}
[30.972533] (-) TimerEvent: {}
[31.072750] (-) TimerEvent: {}
[31.172962] (-) TimerEvent: {}
[31.273260] (-) TimerEvent: {}
[31.373540] (-) TimerEvent: {}
[31.473840] (-) TimerEvent: {}
[31.574060] (-) TimerEvent: {}
[31.674301] (-) TimerEvent: {}
[31.774687] (-) TimerEvent: {}
[31.874914] (-) TimerEvent: {}
[31.975146] (-) TimerEvent: {}
[32.075395] (-) TimerEvent: {}
[32.175714] (-) TimerEvent: {}
[32.275984] (-) TimerEvent: {}
[32.376213] (-) TimerEvent: {}
[32.476449] (-) TimerEvent: {}
[32.576678] (-) TimerEvent: {}
[32.676884] (-) TimerEvent: {}
[32.777128] (-) TimerEvent: {}
[32.877330] (-) TimerEvent: {}
[32.977564] (-) TimerEvent: {}
[33.077797] (-) TimerEvent: {}
[33.178022] (-) TimerEvent: {}
[33.278331] (-) TimerEvent: {}
[33.378555] (-) TimerEvent: {}
[33.478818] (-) TimerEvent: {}
[33.579112] (-) TimerEvent: {}
[33.679425] (-) TimerEvent: {}
[33.779782] (-) TimerEvent: {}
[33.880032] (-) TimerEvent: {}
[33.980256] (-) TimerEvent: {}
[34.080511] (-) TimerEvent: {}
[34.180723] (-) TimerEvent: {}
[34.280960] (-) TimerEvent: {}
[34.381173] (-) TimerEvent: {}
[34.481387] (-) TimerEvent: {}
[34.581678] (-) TimerEvent: {}
[34.681886] (-) TimerEvent: {}
[34.782112] (-) TimerEvent: {}
[34.882345] (-) TimerEvent: {}
[34.982575] (-) TimerEvent: {}
[35.082791] (-) TimerEvent: {}
[35.183029] (-) TimerEvent: {}
[35.283262] (-) TimerEvent: {}
[35.383480] (-) TimerEvent: {}
[35.483649] (-) TimerEvent: {}
[35.583918] (-) TimerEvent: {}
[35.684215] (-) TimerEvent: {}
[35.784499] (-) TimerEvent: {}
[35.884731] (-) TimerEvent: {}
[35.984960] (-) TimerEvent: {}
[36.085257] (-) TimerEvent: {}
[36.185525] (-) TimerEvent: {}
[36.285838] (-) TimerEvent: {}
[36.386084] (-) TimerEvent: {}
[36.486389] (-) TimerEvent: {}
[36.586691] (-) TimerEvent: {}
[36.686908] (-) TimerEvent: {}
[36.787147] (-) TimerEvent: {}
[36.887409] (-) TimerEvent: {}
[36.987699] (-) TimerEvent: {}
[37.087929] (-) TimerEvent: {}
[37.188170] (-) TimerEvent: {}
[37.288409] (-) TimerEvent: {}
[37.388750] (-) TimerEvent: {}
[37.488985] (-) TimerEvent: {}
[37.589231] (-) TimerEvent: {}
[37.689560] (-) TimerEvent: {}
[37.789809] (-) TimerEvent: {}
[37.890144] (-) TimerEvent: {}
[37.990389] (-) TimerEvent: {}
[38.090639] (-) TimerEvent: {}
[38.190854] (-) TimerEvent: {}
[38.291184] (-) TimerEvent: {}
[38.391428] (-) TimerEvent: {}
[38.491724] (-) TimerEvent: {}
[38.592027] (-) TimerEvent: {}
[38.692271] (-) TimerEvent: {}
[38.792602] (-) TimerEvent: {}
[38.892929] (-) TimerEvent: {}
[38.993155] (-) TimerEvent: {}
[39.093420] (-) TimerEvent: {}
[39.193628] (-) TimerEvent: {}
[39.293834] (-) TimerEvent: {}
[39.394065] (-) TimerEvent: {}
[39.494271] (-) TimerEvent: {}
[39.594479] (-) TimerEvent: {}
[39.694734] (-) TimerEvent: {}
[39.795065] (-) TimerEvent: {}
[39.895295] (-) TimerEvent: {}
[39.995646] (-) TimerEvent: {}
[40.095898] (-) TimerEvent: {}
[40.196126] (-) TimerEvent: {}
[40.296374] (-) TimerEvent: {}
[40.396623] (-) TimerEvent: {}
[40.496834] (-) TimerEvent: {}
[40.597068] (-) TimerEvent: {}
[40.697329] (-) TimerEvent: {}
[40.797590] (-) TimerEvent: {}
[40.897824] (-) TimerEvent: {}
[40.998082] (-) TimerEvent: {}
[41.098302] (-) TimerEvent: {}
[41.198522] (-) TimerEvent: {}
[41.298752] (-) TimerEvent: {}
[41.399055] (-) TimerEvent: {}
[41.499357] (-) TimerEvent: {}
[41.599585] (-) TimerEvent: {}
[41.699819] (-) TimerEvent: {}
[41.800184] (-) TimerEvent: {}
[41.900437] (-) TimerEvent: {}
[42.000676] (-) TimerEvent: {}
[42.100879] (-) TimerEvent: {}
[42.201087] (-) TimerEvent: {}
[42.301309] (-) TimerEvent: {}
[42.401536] (-) TimerEvent: {}
[42.501749] (-) TimerEvent: {}
[42.601983] (-) TimerEvent: {}
[42.702279] (-) TimerEvent: {}
[42.802527] (-) TimerEvent: {}
[42.902872] (-) TimerEvent: {}
[43.003168] (-) TimerEvent: {}
[43.103403] (-) TimerEvent: {}
[43.203653] (-) TimerEvent: {}
[43.303854] (-) TimerEvent: {}
[43.404091] (-) TimerEvent: {}
[43.504344] (-) TimerEvent: {}
[43.604586] (-) TimerEvent: {}
[43.704856] (-) TimerEvent: {}
[43.805121] (-) TimerEvent: {}
[43.905349] (-) TimerEvent: {}
[44.005586] (-) TimerEvent: {}
[44.105781] (-) TimerEvent: {}
[44.206023] (-) TimerEvent: {}
[44.306244] (-) TimerEvent: {}
[44.406448] (-) TimerEvent: {}
[44.506674] (-) TimerEvent: {}
[44.606884] (-) TimerEvent: {}
[44.707128] (-) TimerEvent: {}
[44.807423] (-) TimerEvent: {}
[44.907750] (-) TimerEvent: {}
[45.008005] (-) TimerEvent: {}
[45.108348] (-) TimerEvent: {}
[45.208653] (-) TimerEvent: {}
[45.308903] (-) TimerEvent: {}
[45.409155] (-) TimerEvent: {}
[45.509383] (-) TimerEvent: {}
[45.609628] (-) TimerEvent: {}
[45.709857] (-) TimerEvent: {}
[45.810145] (-) TimerEvent: {}
[45.910360] (-) TimerEvent: {}
[46.010589] (-) TimerEvent: {}
[46.110810] (-) TimerEvent: {}
[46.211067] (-) TimerEvent: {}
[46.311311] (-) TimerEvent: {}
[46.411546] (-) TimerEvent: {}
[46.511757] (-) TimerEvent: {}
[46.612003] (-) TimerEvent: {}
[46.712212] (-) TimerEvent: {}
[46.812488] (-) TimerEvent: {}
[46.912686] (-) TimerEvent: {}
[47.012896] (-) TimerEvent: {}
[47.113131] (-) TimerEvent: {}
[47.213368] (-) TimerEvent: {}
[47.313593] (-) TimerEvent: {}
[47.413846] (-) TimerEvent: {}
[47.514093] (-) TimerEvent: {}
[47.614383] (-) TimerEvent: {}
[47.714623] (-) TimerEvent: {}
[47.814841] (-) TimerEvent: {}
[47.915065] (-) TimerEvent: {}
[48.015310] (-) TimerEvent: {}
[48.115611] (-) TimerEvent: {}
[48.215838] (-) TimerEvent: {}
[48.316056] (-) TimerEvent: {}
[48.416311] (-) TimerEvent: {}
[48.516558] (-) TimerEvent: {}
[48.616783] (-) TimerEvent: {}
[48.716990] (-) TimerEvent: {}
[48.817215] (-) TimerEvent: {}
[48.917506] (-) TimerEvent: {}
[49.017728] (-) TimerEvent: {}
[49.118007] (-) TimerEvent: {}
[49.218296] (-) TimerEvent: {}
[49.318512] (-) TimerEvent: {}
[49.418753] (-) TimerEvent: {}
[49.519017] (-) TimerEvent: {}
[49.619255] (-) TimerEvent: {}
[49.719468] (-) TimerEvent: {}
[49.819812] (-) TimerEvent: {}
[49.920120] (-) TimerEvent: {}
[50.020392] (-) TimerEvent: {}
[50.120712] (-) TimerEvent: {}
[50.220930] (-) TimerEvent: {}
[50.321245] (-) TimerEvent: {}
[50.421551] (-) TimerEvent: {}
[50.521775] (-) TimerEvent: {}
[50.622006] (-) TimerEvent: {}
[50.722259] (-) TimerEvent: {}
[50.822517] (-) TimerEvent: {}
[50.922823] (-) TimerEvent: {}
[51.023060] (-) TimerEvent: {}
[51.123291] (-) TimerEvent: {}
[51.223512] (-) TimerEvent: {}
[51.323773] (-) TimerEvent: {}
[51.423996] (-) TimerEvent: {}
[51.524281] (-) TimerEvent: {}
[51.624507] (-) TimerEvent: {}
[51.724834] (-) TimerEvent: {}
[51.825082] (-) TimerEvent: {}
[51.925385] (-) TimerEvent: {}
[52.025661] (-) TimerEvent: {}
[52.125884] (-) TimerEvent: {}
[52.226170] (-) TimerEvent: {}
[52.326381] (-) TimerEvent: {}
[52.426624] (-) TimerEvent: {}
[52.526844] (-) TimerEvent: {}
[52.627119] (-) TimerEvent: {}
[52.727373] (-) TimerEvent: {}
[52.827613] (-) TimerEvent: {}
[52.927854] (-) TimerEvent: {}
[53.028096] (-) TimerEvent: {}
[53.128306] (-) TimerEvent: {}
[53.228589] (-) TimerEvent: {}
[53.328824] (-) TimerEvent: {}
[53.429073] (-) TimerEvent: {}
[53.529329] (-) TimerEvent: {}
[53.629563] (-) TimerEvent: {}
[53.729809] (-) TimerEvent: {}
[53.830069] (-) TimerEvent: {}
[53.930337] (-) TimerEvent: {}
[54.030598] (-) TimerEvent: {}
[54.130833] (-) TimerEvent: {}
[54.231101] (-) TimerEvent: {}
[54.331317] (-) TimerEvent: {}
[54.431549] (-) TimerEvent: {}
[54.531839] (-) TimerEvent: {}
[54.632103] (-) TimerEvent: {}
[54.732376] (-) TimerEvent: {}
[54.832694] (-) TimerEvent: {}
[54.932920] (-) TimerEvent: {}
[55.033172] (-) TimerEvent: {}
[55.133397] (-) TimerEvent: {}
[55.233652] (-) TimerEvent: {}
[55.333896] (-) TimerEvent: {}
[55.434133] (-) TimerEvent: {}
[55.534388] (-) TimerEvent: {}
[55.634620] (-) TimerEvent: {}
[55.734867] (-) TimerEvent: {}
[55.835098] (-) TimerEvent: {}
[55.935341] (-) TimerEvent: {}
[56.035597] (-) TimerEvent: {}
[56.135833] (-) TimerEvent: {}
[56.236121] (-) TimerEvent: {}
[56.336358] (-) TimerEvent: {}
[56.436610] (-) TimerEvent: {}
[56.536839] (-) TimerEvent: {}
[56.637077] (-) TimerEvent: {}
[56.737316] (-) TimerEvent: {}
[56.837612] (-) TimerEvent: {}
[56.937908] (-) TimerEvent: {}
[57.038160] (-) TimerEvent: {}
[57.138391] (-) TimerEvent: {}
[57.238693] (-) TimerEvent: {}
[57.339006] (-) TimerEvent: {}
[57.439259] (-) TimerEvent: {}
[57.539561] (-) TimerEvent: {}
[57.639841] (-) TimerEvent: {}
[57.740133] (-) TimerEvent: {}
[57.840410] (-) TimerEvent: {}
[57.940686] (-) TimerEvent: {}
[58.040900] (-) TimerEvent: {}
[58.141137] (-) TimerEvent: {}
[58.241370] (-) TimerEvent: {}
[58.341705] (-) TimerEvent: {}
[58.441941] (-) TimerEvent: {}
[58.542182] (-) TimerEvent: {}
[58.642419] (-) TimerEvent: {}
[58.742660] (-) TimerEvent: {}
[58.842952] (-) TimerEvent: {}
[58.943252] (-) TimerEvent: {}
[59.043535] (-) TimerEvent: {}
[59.143749] (-) TimerEvent: {}
[59.243958] (-) TimerEvent: {}
[59.344192] (-) TimerEvent: {}
[59.444445] (-) TimerEvent: {}
[59.544687] (-) TimerEvent: {}
[59.644916] (-) TimerEvent: {}
[59.745168] (-) TimerEvent: {}
[59.845465] (-) TimerEvent: {}
[59.945696] (-) TimerEvent: {}
[60.045921] (-) TimerEvent: {}
[60.146155] (-) TimerEvent: {}
[60.246375] (-) TimerEvent: {}
[60.346619] (-) TimerEvent: {}
[60.446865] (-) TimerEvent: {}
[60.547082] (-) TimerEvent: {}
[60.647313] (-) TimerEvent: {}
[60.747544] (-) TimerEvent: {}
[60.847765] (-) TimerEvent: {}
[60.948090] (-) TimerEvent: {}
[61.048327] (-) TimerEvent: {}
[61.148552] (-) TimerEvent: {}
[61.248783] (-) TimerEvent: {}
[61.349129] (-) TimerEvent: {}
[61.449402] (-) TimerEvent: {}
[61.549648] (-) TimerEvent: {}
[61.649865] (-) TimerEvent: {}
[61.750118] (-) TimerEvent: {}
[61.850354] (-) TimerEvent: {}
[61.950579] (-) TimerEvent: {}
[62.050858] (-) TimerEvent: {}
[62.151192] (-) TimerEvent: {}
[62.251450] (-) TimerEvent: {}
[62.351687] (-) TimerEvent: {}
[62.451914] (-) TimerEvent: {}
[62.552169] (-) TimerEvent: {}
[62.652468] (-) TimerEvent: {}
[62.752658] (-) TimerEvent: {}
[62.852878] (-) TimerEvent: {}
[62.953135] (-) TimerEvent: {}
[63.053395] (-) TimerEvent: {}
[63.153674] (-) TimerEvent: {}
[63.253990] (-) TimerEvent: {}
[63.354228] (-) TimerEvent: {}
[63.454474] (-) TimerEvent: {}
[63.554690] (-) TimerEvent: {}
[63.654915] (-) TimerEvent: {}
[63.755186] (-) TimerEvent: {}
[63.855435] (-) TimerEvent: {}
[63.955779] (-) TimerEvent: {}
[64.056037] (-) TimerEvent: {}
[64.156281] (-) TimerEvent: {}
[64.256492] (-) TimerEvent: {}
[64.356830] (-) TimerEvent: {}
[64.457061] (-) TimerEvent: {}
[64.557353] (-) TimerEvent: {}
[64.657654] (-) TimerEvent: {}
[64.757962] (-) TimerEvent: {}
[64.858192] (-) TimerEvent: {}
[64.958415] (-) TimerEvent: {}
[65.058674] (-) TimerEvent: {}
[65.158900] (-) TimerEvent: {}
[65.259151] (-) TimerEvent: {}
[65.359413] (-) TimerEvent: {}
[65.459664] (-) TimerEvent: {}
[65.559968] (-) TimerEvent: {}
[65.660227] (-) TimerEvent: {}
[65.760540] (-) TimerEvent: {}
[65.860841] (-) TimerEvent: {}
[65.961155] (-) TimerEvent: {}
[66.061390] (-) TimerEvent: {}
[66.161645] (-) TimerEvent: {}
[66.261871] (-) TimerEvent: {}
[66.362124] (-) TimerEvent: {}
[66.462380] (-) TimerEvent: {}
[66.562613] (-) TimerEvent: {}
[66.662833] (-) TimerEvent: {}
[66.763093] (-) TimerEvent: {}
[66.863338] (-) TimerEvent: {}
[66.963607] (-) TimerEvent: {}
[67.063848] (-) TimerEvent: {}
[67.164119] (-) TimerEvent: {}
[67.264392] (-) TimerEvent: {}
[67.364627] (-) TimerEvent: {}
[67.464944] (-) TimerEvent: {}
[67.565211] (-) TimerEvent: {}
[67.665481] (-) TimerEvent: {}
[67.765718] (-) TimerEvent: {}
[67.865990] (-) TimerEvent: {}
[67.966314] (-) TimerEvent: {}
[68.066575] (-) TimerEvent: {}
[68.166911] (-) TimerEvent: {}
[68.267293] (-) TimerEvent: {}
[68.367551] (-) TimerEvent: {}
[68.467818] (-) TimerEvent: {}
[68.568079] (-) TimerEvent: {}
[68.668334] (-) TimerEvent: {}
[68.768648] (-) TimerEvent: {}
[68.868876] (-) TimerEvent: {}
[68.969134] (-) TimerEvent: {}
[69.069392] (-) TimerEvent: {}
[69.169651] (-) TimerEvent: {}
[69.270004] (-) TimerEvent: {}
[69.370229] (-) TimerEvent: {}
[69.470527] (-) TimerEvent: {}
[69.570786] (-) TimerEvent: {}
[69.671127] (-) TimerEvent: {}
[69.771443] (-) TimerEvent: {}
[69.871764] (-) TimerEvent: {}
[69.972101] (-) TimerEvent: {}
[70.072405] (-) TimerEvent: {}
[70.172676] (-) TimerEvent: {}
[70.272898] (-) TimerEvent: {}
[70.373152] (-) TimerEvent: {}
[70.473464] (-) TimerEvent: {}
[70.573751] (-) TimerEvent: {}
[70.674064] (-) TimerEvent: {}
[70.774449] (-) TimerEvent: {}
[70.874767] (-) TimerEvent: {}
[70.975160] (-) TimerEvent: {}
[71.075408] (-) TimerEvent: {}
[71.175627] (-) TimerEvent: {}
[71.275951] (-) TimerEvent: {}
[71.376265] (-) TimerEvent: {}
[71.476566] (-) TimerEvent: {}
[71.576787] (-) TimerEvent: {}
[71.677000] (-) TimerEvent: {}
[71.777310] (-) TimerEvent: {}
[71.877548] (-) TimerEvent: {}
[71.977870] (-) TimerEvent: {}
[72.078112] (-) TimerEvent: {}
[72.178435] (-) TimerEvent: {}
[72.278760] (-) TimerEvent: {}
[72.379008] (-) TimerEvent: {}
[72.479273] (-) TimerEvent: {}
[72.579497] (-) TimerEvent: {}
[72.679833] (-) TimerEvent: {}
[72.780091] (-) TimerEvent: {}
[72.880335] (-) TimerEvent: {}
[72.980601] (-) TimerEvent: {}
[73.080835] (-) TimerEvent: {}
[73.181065] (-) TimerEvent: {}
[73.281322] (-) TimerEvent: {}
[73.381613] (-) TimerEvent: {}
[73.481915] (-) TimerEvent: {}
[73.582238] (-) TimerEvent: {}
[73.682509] (-) TimerEvent: {}
[73.782760] (-) TimerEvent: {}
[73.882998] (-) TimerEvent: {}
[73.983259] (-) TimerEvent: {}
[74.083512] (-) TimerEvent: {}
[74.183742] (-) TimerEvent: {}
[74.283989] (-) TimerEvent: {}
[74.384231] (-) TimerEvent: {}
[74.484452] (-) TimerEvent: {}
[74.584777] (-) TimerEvent: {}
[74.685069] (-) TimerEvent: {}
[74.785364] (-) TimerEvent: {}
[74.885631] (-) TimerEvent: {}
[74.985851] (-) TimerEvent: {}
[75.086067] (-) TimerEvent: {}
[75.186332] (-) TimerEvent: {}
[75.286576] (-) TimerEvent: {}
[75.386810] (-) TimerEvent: {}
[75.487055] (-) TimerEvent: {}
[75.587301] (-) TimerEvent: {}
[75.687538] (-) TimerEvent: {}
[75.787754] (-) TimerEvent: {}
[75.888016] (-) TimerEvent: {}
[75.988306] (-) TimerEvent: {}
[76.088508] (-) TimerEvent: {}
[76.188796] (-) TimerEvent: {}
[76.289038] (-) TimerEvent: {}
[76.389308] (-) TimerEvent: {}
[76.489649] (-) TimerEvent: {}
[76.589882] (-) TimerEvent: {}
[76.690143] (-) TimerEvent: {}
[76.790401] (-) TimerEvent: {}
[76.890703] (-) TimerEvent: {}
[76.991009] (-) TimerEvent: {}
[77.091285] (-) TimerEvent: {}
[77.191505] (-) TimerEvent: {}
[77.291793] (-) TimerEvent: {}
[77.392028] (-) TimerEvent: {}
[77.492304] (-) TimerEvent: {}
[77.592611] (-) TimerEvent: {}
[77.692846] (-) TimerEvent: {}
[77.793208] (-) TimerEvent: {}
[77.893476] (-) TimerEvent: {}
[77.993742] (-) TimerEvent: {}
[78.093965] (-) TimerEvent: {}
[78.194209] (-) TimerEvent: {}
[78.294432] (-) TimerEvent: {}
[78.394690] (-) TimerEvent: {}
[78.494998] (-) TimerEvent: {}
[78.595249] (-) TimerEvent: {}
[78.695577] (-) TimerEvent: {}
[78.795892] (-) TimerEvent: {}
[78.896135] (-) TimerEvent: {}
[78.996356] (-) TimerEvent: {}
[79.096658] (-) TimerEvent: {}
[79.196883] (-) TimerEvent: {}
[79.297111] (-) TimerEvent: {}
[79.397392] (-) TimerEvent: {}
[79.497628] (-) TimerEvent: {}
[79.597877] (-) TimerEvent: {}
[79.698127] (-) TimerEvent: {}
[79.798380] (-) TimerEvent: {}
[79.898629] (-) TimerEvent: {}
[79.998958] (-) TimerEvent: {}
[80.099219] (-) TimerEvent: {}
[80.199455] (-) TimerEvent: {}
[80.299667] (-) TimerEvent: {}
[80.399910] (-) TimerEvent: {}
[80.500163] (-) TimerEvent: {}
[80.600382] (-) TimerEvent: {}
[80.700650] (-) TimerEvent: {}
[80.800882] (-) TimerEvent: {}
[80.901141] (-) TimerEvent: {}
[81.001393] (-) TimerEvent: {}
[81.101655] (-) TimerEvent: {}
[81.201880] (-) TimerEvent: {}
[81.302133] (-) TimerEvent: {}
[81.402379] (-) TimerEvent: {}
[81.502629] (-) TimerEvent: {}
[81.602887] (-) TimerEvent: {}
[81.703165] (-) TimerEvent: {}
[81.803432] (-) TimerEvent: {}
[81.903694] (-) TimerEvent: {}
[82.003934] (-) TimerEvent: {}
[82.104194] (-) TimerEvent: {}
[82.204450] (-) TimerEvent: {}
[82.304674] (-) TimerEvent: {}
[82.404985] (-) TimerEvent: {}
[82.505230] (-) TimerEvent: {}
[82.605564] (-) TimerEvent: {}
[82.705800] (-) TimerEvent: {}
[82.806018] (-) TimerEvent: {}
[82.906249] (-) TimerEvent: {}
[83.006589] (-) TimerEvent: {}
[83.106825] (-) TimerEvent: {}
[83.207068] (-) TimerEvent: {}
[83.307406] (-) TimerEvent: {}
[83.407798] (-) TimerEvent: {}
[83.508037] (-) TimerEvent: {}
[83.608310] (-) TimerEvent: {}
[83.708660] (-) TimerEvent: {}
[83.808890] (-) TimerEvent: {}
[83.909119] (-) TimerEvent: {}
[84.009468] (-) TimerEvent: {}
[84.109679] (-) TimerEvent: {}
[84.210044] (-) TimerEvent: {}
[84.310274] (-) TimerEvent: {}
[84.410599] (-) TimerEvent: {}
[84.510839] (-) TimerEvent: {}
[84.611081] (-) TimerEvent: {}
[84.711334] (-) TimerEvent: {}
[84.811602] (-) TimerEvent: {}
[84.911836] (-) TimerEvent: {}
[85.012171] (-) TimerEvent: {}
[85.112445] (-) TimerEvent: {}
[85.212835] (-) TimerEvent: {}
[85.313101] (-) TimerEvent: {}
[85.413346] (-) TimerEvent: {}
[85.513592] (-) TimerEvent: {}
[85.613826] (-) TimerEvent: {}
[85.714078] (-) TimerEvent: {}
[85.815634] (-) TimerEvent: {}
[85.915864] (-) TimerEvent: {}
[86.016096] (-) TimerEvent: {}
[86.116424] (-) TimerEvent: {}
[86.216690] (-) TimerEvent: {}
[86.316914] (-) TimerEvent: {}
[86.417233] (-) TimerEvent: {}
[86.517499] (-) TimerEvent: {}
[86.617721] (-) TimerEvent: {}
[86.717950] (-) TimerEvent: {}
[86.818343] (-) TimerEvent: {}
[86.918599] (-) TimerEvent: {}
[87.018822] (-) TimerEvent: {}
[87.119036] (-) TimerEvent: {}
[87.219284] (-) TimerEvent: {}
[87.319518] (-) TimerEvent: {}
[87.419742] (-) TimerEvent: {}
[87.519971] (-) TimerEvent: {}
[87.620224] (-) TimerEvent: {}
[87.720490] (-) TimerEvent: {}
[87.820819] (-) TimerEvent: {}
[87.921080] (-) TimerEvent: {}
[88.021313] (-) TimerEvent: {}
[88.121578] (-) TimerEvent: {}
[88.221821] (-) TimerEvent: {}
[88.322080] (-) TimerEvent: {}
[88.422405] (-) TimerEvent: {}
[88.522658] (-) TimerEvent: {}
[88.622888] (-) TimerEvent: {}
[88.723187] (-) TimerEvent: {}
[88.823439] (-) TimerEvent: {}
[88.923792] (-) TimerEvent: {}
[89.024020] (-) TimerEvent: {}
[89.124280] (-) TimerEvent: {}
[89.224538] (-) TimerEvent: {}
[89.324783] (-) TimerEvent: {}
[89.425036] (-) TimerEvent: {}
[89.525264] (-) TimerEvent: {}
[89.625526] (-) TimerEvent: {}
[89.725757] (-) TimerEvent: {}
[89.826081] (-) TimerEvent: {}
[89.926407] (-) TimerEvent: {}
[90.026693] (-) TimerEvent: {}
[90.126927] (-) TimerEvent: {}
[90.227146] (-) TimerEvent: {}
[90.327384] (-) TimerEvent: {}
[90.427718] (-) TimerEvent: {}
[90.527971] (-) TimerEvent: {}
[90.628240] (-) TimerEvent: {}
[90.728499] (-) TimerEvent: {}
[90.828777] (-) TimerEvent: {}
[90.929003] (-) TimerEvent: {}
[91.029259] (-) TimerEvent: {}
[91.129569] (-) TimerEvent: {}
[91.229821] (-) TimerEvent: {}
[91.330148] (-) TimerEvent: {}
[91.430403] (-) TimerEvent: {}
[91.530651] (-) TimerEvent: {}
[91.630966] (-) TimerEvent: {}
[91.731237] (-) TimerEvent: {}
[91.831552] (-) TimerEvent: {}
[91.931780] (-) TimerEvent: {}
[92.032005] (-) TimerEvent: {}
[92.132284] (-) TimerEvent: {}
[92.232596] (-) TimerEvent: {}
[92.332833] (-) TimerEvent: {}
[92.433107] (-) TimerEvent: {}
[92.533370] (-) TimerEvent: {}
[92.633634] (-) TimerEvent: {}
[92.733941] (-) TimerEvent: {}
[92.834168] (-) TimerEvent: {}
[92.934421] (-) TimerEvent: {}
[93.034702] (-) TimerEvent: {}
[93.134971] (-) TimerEvent: {}
[93.235220] (-) TimerEvent: {}
[93.335574] (-) TimerEvent: {}
[93.435821] (-) TimerEvent: {}
[93.536043] (-) TimerEvent: {}
[93.636317] (-) TimerEvent: {}
[93.736591] (-) TimerEvent: {}
[93.836826] (-) TimerEvent: {}
[93.937098] (-) TimerEvent: {}
[94.037408] (-) TimerEvent: {}
[94.137674] (-) TimerEvent: {}
[94.237977] (-) TimerEvent: {}
[94.338218] (-) TimerEvent: {}
[94.438476] (-) TimerEvent: {}
[94.538679] (-) TimerEvent: {}
[94.638903] (-) TimerEvent: {}
[94.739171] (-) TimerEvent: {}
[94.839414] (-) TimerEvent: {}
[94.939660] (-) TimerEvent: {}
[95.039890] (-) TimerEvent: {}
[95.140155] (-) TimerEvent: {}
[95.240388] (-) TimerEvent: {}
[95.340644] (-) TimerEvent: {}
[95.440874] (-) TimerEvent: {}
[95.541113] (-) TimerEvent: {}
[95.641406] (-) TimerEvent: {}
[95.741787] (-) TimerEvent: {}
[95.842098] (-) TimerEvent: {}
[95.942358] (-) TimerEvent: {}
[96.042586] (-) TimerEvent: {}
[96.142825] (-) TimerEvent: {}
[96.243079] (-) TimerEvent: {}
[96.343313] (-) TimerEvent: {}
[96.443573] (-) TimerEvent: {}
[96.543811] (-) TimerEvent: {}
[96.644032] (-) TimerEvent: {}
[96.744277] (-) TimerEvent: {}
[96.844662] (-) TimerEvent: {}
[96.944919] (-) TimerEvent: {}
[97.045168] (-) TimerEvent: {}
[97.145408] (-) TimerEvent: {}
[97.245718] (-) TimerEvent: {}
[97.346028] (-) TimerEvent: {}
[97.446359] (-) TimerEvent: {}
[97.546596] (-) TimerEvent: {}
[97.646834] (-) TimerEvent: {}
[97.747158] (-) TimerEvent: {}
[97.847429] (-) TimerEvent: {}
[97.947740] (-) TimerEvent: {}
[98.047974] (-) TimerEvent: {}
[98.148219] (-) TimerEvent: {}
[98.248475] (-) TimerEvent: {}
[98.348714] (-) TimerEvent: {}
[98.448941] (-) TimerEvent: {}
[98.549177] (-) TimerEvent: {}
[98.649423] (-) TimerEvent: {}
[98.749721] (-) TimerEvent: {}
[98.849959] (-) TimerEvent: {}
[98.950189] (-) TimerEvent: {}
[99.050455] (-) TimerEvent: {}
[99.150681] (-) TimerEvent: {}
[99.250927] (-) TimerEvent: {}
[99.351156] (-) TimerEvent: {}
[99.451414] (-) TimerEvent: {}
[99.551640] (-) TimerEvent: {}
[99.651871] (-) TimerEvent: {}
[99.752103] (-) TimerEvent: {}
[99.852354] (-) TimerEvent: {}
[99.952673] (-) TimerEvent: {}
[100.052903] (-) TimerEvent: {}
[100.153138] (-) TimerEvent: {}
[100.253395] (-) TimerEvent: {}
[100.353602] (-) TimerEvent: {}
[100.453826] (-) TimerEvent: {}
[100.554054] (-) TimerEvent: {}
[100.654311] (-) TimerEvent: {}
[100.754659] (-) TimerEvent: {}
[100.854899] (-) TimerEvent: {}
[100.955133] (-) TimerEvent: {}
[101.055450] (-) TimerEvent: {}
[101.155753] (-) TimerEvent: {}
[101.256073] (-) TimerEvent: {}
[101.356408] (-) TimerEvent: {}
[101.456721] (-) TimerEvent: {}
[101.556993] (-) TimerEvent: {}
[101.657308] (-) TimerEvent: {}
[101.757574] (-) TimerEvent: {}
[101.857811] (-) TimerEvent: {}
[101.958055] (-) TimerEvent: {}
[102.058301] (-) TimerEvent: {}
[102.158601] (-) TimerEvent: {}
[102.258848] (-) TimerEvent: {}
[102.359069] (-) TimerEvent: {}
[102.459299] (-) TimerEvent: {}
[102.559538] (-) TimerEvent: {}
[102.659739] (-) TimerEvent: {}
[102.759973] (-) TimerEvent: {}
[102.860246] (-) TimerEvent: {}
[102.960498] (-) TimerEvent: {}
[103.060727] (-) TimerEvent: {}
[103.160992] (-) TimerEvent: {}
[103.261243] (-) TimerEvent: {}
[103.361587] (-) TimerEvent: {}
[103.461907] (-) TimerEvent: {}
[103.562210] (-) TimerEvent: {}
[103.662525] (-) TimerEvent: {}
[103.762778] (-) TimerEvent: {}
[103.863038] (-) TimerEvent: {}
[103.963353] (-) TimerEvent: {}
[104.063679] (-) TimerEvent: {}
[104.164011] (-) TimerEvent: {}
[104.264357] (-) TimerEvent: {}
[104.364586] (-) TimerEvent: {}
[104.464813] (-) TimerEvent: {}
[104.565151] (-) TimerEvent: {}
[104.665399] (-) TimerEvent: {}
[104.765644] (-) TimerEvent: {}
[104.865879] (-) TimerEvent: {}
[104.966154] (-) TimerEvent: {}
[105.066422] (-) TimerEvent: {}
[105.166788] (-) TimerEvent: {}
[105.267038] (-) TimerEvent: {}
[105.367303] (-) TimerEvent: {}
[105.467565] (-) TimerEvent: {}
[105.567806] (-) TimerEvent: {}
[105.668118] (-) TimerEvent: {}
[105.768392] (-) TimerEvent: {}
[105.868711] (-) TimerEvent: {}
[105.968957] (-) TimerEvent: {}
[106.069226] (-) TimerEvent: {}
[106.169569] (-) TimerEvent: {}
[106.269898] (-) TimerEvent: {}
[106.370160] (-) TimerEvent: {}
[106.470399] (-) TimerEvent: {}
[106.570686] (-) TimerEvent: {}
[106.670911] (-) TimerEvent: {}
[106.771166] (-) TimerEvent: {}
[106.871509] (-) TimerEvent: {}
[106.971746] (-) TimerEvent: {}
[107.071981] (-) TimerEvent: {}
[107.172334] (-) TimerEvent: {}
[107.272608] (-) TimerEvent: {}
[107.372992] (-) TimerEvent: {}
[107.473258] (-) TimerEvent: {}
[107.573615] (-) TimerEvent: {}
[107.673850] (-) TimerEvent: {}
[107.774214] (-) TimerEvent: {}
[107.874477] (-) TimerEvent: {}
[107.974767] (-) TimerEvent: {}
[108.075003] (-) TimerEvent: {}
[108.175337] (-) TimerEvent: {}
[108.275687] (-) TimerEvent: {}
[108.375915] (-) TimerEvent: {}
[108.476175] (-) TimerEvent: {}
[108.576516] (-) TimerEvent: {}
[108.676764] (-) TimerEvent: {}
[108.777088] (-) TimerEvent: {}
[108.877315] (-) TimerEvent: {}
[108.977582] (-) TimerEvent: {}
[109.077980] (-) TimerEvent: {}
[109.178313] (-) TimerEvent: {}
[109.278579] (-) TimerEvent: {}
[109.378829] (-) TimerEvent: {}
[109.479093] (-) TimerEvent: {}
[109.579340] (-) TimerEvent: {}
[109.679571] (-) TimerEvent: {}
[109.779808] (-) TimerEvent: {}
[109.880085] (-) TimerEvent: {}
[109.980335] (-) TimerEvent: {}
[110.080576] (-) TimerEvent: {}
[110.180799] (-) TimerEvent: {}
[110.281113] (-) TimerEvent: {}
[110.381371] (-) TimerEvent: {}
[110.481680] (-) TimerEvent: {}
[110.581990] (-) TimerEvent: {}
[110.682251] (-) TimerEvent: {}
[110.782561] (-) TimerEvent: {}
[110.882801] (-) TimerEvent: {}
[110.983067] (-) TimerEvent: {}
[111.083369] (-) TimerEvent: {}
[111.183705] (-) TimerEvent: {}
[111.283968] (-) TimerEvent: {}
[111.384303] (-) TimerEvent: {}
[111.484556] (-) TimerEvent: {}
[111.584790] (-) TimerEvent: {}
[111.685184] (-) TimerEvent: {}
[111.785525] (-) TimerEvent: {}
[111.885805] (-) TimerEvent: {}
[111.986187] (-) TimerEvent: {}
[112.086436] (-) TimerEvent: {}
[112.186770] (-) TimerEvent: {}
[112.287109] (-) TimerEvent: {}
[112.387367] (-) TimerEvent: {}
[112.487707] (-) TimerEvent: {}
[112.588020] (-) TimerEvent: {}
[112.688285] (-) TimerEvent: {}
[112.788540] (-) TimerEvent: {}
[112.888766] (-) TimerEvent: {}
[112.992009] (-) TimerEvent: {}
[113.092275] (-) TimerEvent: {}
[113.192522] (-) TimerEvent: {}
[113.292749] (-) TimerEvent: {}
[113.392986] (-) TimerEvent: {}
[113.493231] (-) TimerEvent: {}
[113.593565] (-) TimerEvent: {}
[113.693815] (-) TimerEvent: {}
[113.794085] (-) TimerEvent: {}
[113.894420] (-) TimerEvent: {}
[113.994685] (-) TimerEvent: {}
[114.094906] (-) TimerEvent: {}
[114.195148] (-) TimerEvent: {}
[114.295391] (-) TimerEvent: {}
[114.395702] (-) TimerEvent: {}
[114.495935] (-) TimerEvent: {}
[114.596179] (-) TimerEvent: {}
[114.696411] (-) TimerEvent: {}
[114.796769] (-) TimerEvent: {}
[114.897018] (-) TimerEvent: {}
[114.997246] (-) TimerEvent: {}
[115.097504] (-) TimerEvent: {}
[115.197734] (-) TimerEvent: {}
[115.297975] (-) TimerEvent: {}
[115.398296] (-) TimerEvent: {}
[115.498543] (-) TimerEvent: {}
[115.598776] (-) TimerEvent: {}
[115.699015] (-) TimerEvent: {}
[115.799258] (-) TimerEvent: {}
[115.899522] (-) TimerEvent: {}
[115.999775] (-) TimerEvent: {}
[116.100018] (-) TimerEvent: {}
[116.200287] (-) TimerEvent: {}
[116.300545] (-) TimerEvent: {}
[116.400797] (-) TimerEvent: {}
[116.501048] (-) TimerEvent: {}
[116.601300] (-) TimerEvent: {}
[116.701633] (-) TimerEvent: {}
[116.801862] (-) TimerEvent: {}
[116.902108] (-) TimerEvent: {}
[117.002352] (-) TimerEvent: {}
[117.102658] (-) TimerEvent: {}
[117.202973] (-) TimerEvent: {}
[117.303236] (-) TimerEvent: {}
[117.403498] (-) TimerEvent: {}
[117.503827] (-) TimerEvent: {}
[117.604063] (-) TimerEvent: {}
[117.704287] (-) TimerEvent: {}
[117.804507] (-) TimerEvent: {}
[117.904732] (-) TimerEvent: {}
[118.004946] (-) TimerEvent: {}
[118.105176] (-) TimerEvent: {}
[118.205424] (-) TimerEvent: {}
[118.305680] (-) TimerEvent: {}
[118.405900] (-) TimerEvent: {}
[118.506136] (-) TimerEvent: {}
[118.606452] (-) TimerEvent: {}
[118.706691] (-) TimerEvent: {}
[118.806924] (-) TimerEvent: {}
[118.907194] (-) TimerEvent: {}
[119.007456] (-) TimerEvent: {}
[119.107803] (-) TimerEvent: {}
[119.208140] (-) TimerEvent: {}
[119.308498] (-) TimerEvent: {}
[119.408874] (-) TimerEvent: {}
[119.509136] (-) TimerEvent: {}
[119.609400] (-) TimerEvent: {}
[119.709736] (-) TimerEvent: {}
[119.809970] (-) TimerEvent: {}
[119.910232] (-) TimerEvent: {}
[120.010563] (-) TimerEvent: {}
[120.110810] (-) TimerEvent: {}
[120.211036] (-) TimerEvent: {}
[120.311289] (-) TimerEvent: {}
[120.411532] (-) TimerEvent: {}
[120.511754] (-) TimerEvent: {}
[120.611991] (-) TimerEvent: {}
[120.712255] (-) TimerEvent: {}
[120.812516] (-) TimerEvent: {}
[120.912756] (-) TimerEvent: {}
[121.013106] (-) TimerEvent: {}
[121.113448] (-) TimerEvent: {}
[121.213806] (-) TimerEvent: {}
[121.314065] (-) TimerEvent: {}
[121.414322] (-) TimerEvent: {}
[121.514547] (-) TimerEvent: {}
[121.614784] (-) TimerEvent: {}
[121.715029] (-) TimerEvent: {}
[121.815264] (-) TimerEvent: {}
[121.915521] (-) TimerEvent: {}
[122.015753] (-) TimerEvent: {}
[122.115993] (-) TimerEvent: {}
[122.216313] (-) TimerEvent: {}
[122.316657] (-) TimerEvent: {}
[122.416903] (-) TimerEvent: {}
[122.517125] (-) TimerEvent: {}
[122.617375] (-) TimerEvent: {}
[122.717626] (-) TimerEvent: {}
[122.817849] (-) TimerEvent: {}
[122.918113] (-) TimerEvent: {}
[123.018381] (-) TimerEvent: {}
[123.118646] (-) TimerEvent: {}
[123.218959] (-) TimerEvent: {}
[123.319236] (-) TimerEvent: {}
[123.419487] (-) TimerEvent: {}
[123.519678] (-) TimerEvent: {}
[123.619891] (-) TimerEvent: {}
[123.720156] (-) TimerEvent: {}
[123.820399] (-) TimerEvent: {}
[123.920675] (-) TimerEvent: {}
[124.020899] (-) TimerEvent: {}
[124.121135] (-) TimerEvent: {}
[124.221401] (-) TimerEvent: {}
[124.321752] (-) TimerEvent: {}
[124.421991] (-) TimerEvent: {}
[124.522255] (-) TimerEvent: {}
[124.622509] (-) TimerEvent: {}
[124.722739] (-) TimerEvent: {}
[124.822992] (-) TimerEvent: {}
[124.923248] (-) TimerEvent: {}
[125.023511] (-) TimerEvent: {}
[125.123832] (-) TimerEvent: {}
[125.224105] (-) TimerEvent: {}
[125.324335] (-) TimerEvent: {}
[125.424591] (-) TimerEvent: {}
[125.524816] (-) TimerEvent: {}
[125.625148] (-) TimerEvent: {}
[125.725521] (-) TimerEvent: {}
[125.825758] (-) TimerEvent: {}
[125.926100] (-) TimerEvent: {}
[126.026429] (-) TimerEvent: {}
[126.126691] (-) TimerEvent: {}
[126.226911] (-) TimerEvent: {}
[126.327164] (-) TimerEvent: {}
[126.427418] (-) TimerEvent: {}
[126.527675] (-) TimerEvent: {}
[126.627900] (-) TimerEvent: {}
[126.728161] (-) TimerEvent: {}
[126.828427] (-) TimerEvent: {}
[126.928685] (-) TimerEvent: {}
[127.028923] (-) TimerEvent: {}
[127.129187] (-) TimerEvent: {}
[127.229447] (-) TimerEvent: {}
[127.329693] (-) TimerEvent: {}
[127.429918] (-) TimerEvent: {}
[127.530173] (-) TimerEvent: {}
[127.630401] (-) TimerEvent: {}
[127.730648] (-) TimerEvent: {}
[127.830869] (-) TimerEvent: {}
[127.931111] (-) TimerEvent: {}
[128.031357] (-) TimerEvent: {}
[128.131618] (-) TimerEvent: {}
[128.231841] (-) TimerEvent: {}
[128.332180] (-) TimerEvent: {}
[128.432421] (-) TimerEvent: {}
[128.532667] (-) TimerEvent: {}
[128.632893] (-) TimerEvent: {}
[128.733153] (-) TimerEvent: {}
[128.833418] (-) TimerEvent: {}
[128.933782] (-) TimerEvent: {}
[129.034035] (-) TimerEvent: {}
[129.134302] (-) TimerEvent: {}
[129.234557] (-) TimerEvent: {}
[129.334785] (-) TimerEvent: {}
[129.435014] (-) TimerEvent: {}
[129.535278] (-) TimerEvent: {}
[129.635545] (-) TimerEvent: {}
[129.735770] (-) TimerEvent: {}
[129.836001] (-) TimerEvent: {}
[129.936250] (-) TimerEvent: {}
[130.036504] (-) TimerEvent: {}
[130.136722] (-) TimerEvent: {}
[130.236955] (-) TimerEvent: {}
[130.337287] (-) TimerEvent: {}
[130.437527] (-) TimerEvent: {}
[130.537846] (-) TimerEvent: {}
[130.638111] (-) TimerEvent: {}
[130.747494] (-) TimerEvent: {}
[130.847738] (-) TimerEvent: {}
[130.948008] (-) TimerEvent: {}
[131.048266] (-) TimerEvent: {}
[131.148572] (-) TimerEvent: {}
[131.248800] (-) TimerEvent: {}
[131.349050] (-) TimerEvent: {}
[131.449303] (-) TimerEvent: {}
[131.549563] (-) TimerEvent: {}
[131.649808] (-) TimerEvent: {}
[131.750051] (-) TimerEvent: {}
[131.850297] (-) TimerEvent: {}
[131.950551] (-) TimerEvent: {}
[132.050794] (-) TimerEvent: {}
[132.151067] (-) TimerEvent: {}
[132.251317] (-) TimerEvent: {}
[132.351659] (-) TimerEvent: {}
[132.451891] (-) TimerEvent: {}
[132.552148] (-) TimerEvent: {}
[132.652390] (-) TimerEvent: {}
[132.752722] (-) TimerEvent: {}
[132.852948] (-) TimerEvent: {}
[132.953181] (-) TimerEvent: {}
[133.053425] (-) TimerEvent: {}
[133.153698] (-) TimerEvent: {}
[133.253903] (-) TimerEvent: {}
[133.354164] (-) TimerEvent: {}
[133.454416] (-) TimerEvent: {}
[133.554684] (-) TimerEvent: {}
[133.654915] (-) TimerEvent: {}
[133.755168] (-) TimerEvent: {}
[133.855413] (-) TimerEvent: {}
[133.955733] (-) TimerEvent: {}
[134.055962] (-) TimerEvent: {}
[134.156217] (-) TimerEvent: {}
[134.256444] (-) TimerEvent: {}
[134.356693] (-) TimerEvent: {}
[134.456984] (-) TimerEvent: {}
[134.557299] (-) TimerEvent: {}
[134.657568] (-) TimerEvent: {}
[134.757834] (-) TimerEvent: {}
[134.858158] (-) TimerEvent: {}
[134.958421] (-) TimerEvent: {}
[135.058720] (-) TimerEvent: {}
[135.158954] (-) TimerEvent: {}
[135.259202] (-) TimerEvent: {}
[135.359465] (-) TimerEvent: {}
[135.459704] (-) TimerEvent: {}
[135.560036] (-) TimerEvent: {}
[135.660276] (-) TimerEvent: {}
[135.760544] (-) TimerEvent: {}
[135.860871] (-) TimerEvent: {}
[135.961191] (-) TimerEvent: {}
[136.061530] (-) TimerEvent: {}
[136.161768] (-) TimerEvent: {}
[136.262085] (-) TimerEvent: {}
[136.362406] (-) TimerEvent: {}
[136.462831] (-) TimerEvent: {}
[136.563300] (-) TimerEvent: {}
[136.663550] (-) TimerEvent: {}
[136.763787] (-) TimerEvent: {}
[136.864021] (-) TimerEvent: {}
[136.964276] (-) TimerEvent: {}
[137.064518] (-) TimerEvent: {}
[137.164760] (-) TimerEvent: {}
[137.265006] (-) TimerEvent: {}
[137.365247] (-) TimerEvent: {}
[137.465474] (-) TimerEvent: {}
[137.565790] (-) TimerEvent: {}
[137.666041] (-) TimerEvent: {}
[137.766305] (-) TimerEvent: {}
[137.866547] (-) TimerEvent: {}
[137.966787] (-) TimerEvent: {}
[138.067018] (-) TimerEvent: {}
[138.167251] (-) TimerEvent: {}
[138.267477] (-) TimerEvent: {}
[138.367783] (-) TimerEvent: {}
[138.468065] (-) TimerEvent: {}
[138.568305] (-) TimerEvent: {}
[138.668617] (-) TimerEvent: {}
[138.768865] (-) TimerEvent: {}
[138.869115] (-) TimerEvent: {}
[138.969372] (-) TimerEvent: {}
[139.069692] (-) TimerEvent: {}
[139.169931] (-) TimerEvent: {}
[139.270179] (-) TimerEvent: {}
[139.370439] (-) TimerEvent: {}
[139.470737] (-) TimerEvent: {}
[139.571030] (-) TimerEvent: {}
[139.671341] (-) TimerEvent: {}
[139.771614] (-) TimerEvent: {}
[139.871861] (-) TimerEvent: {}
[139.972137] (-) TimerEvent: {}
[140.072386] (-) TimerEvent: {}
[140.172711] (-) TimerEvent: {}
[140.272951] (-) TimerEvent: {}
[140.373210] (-) TimerEvent: {}
[140.473463] (-) TimerEvent: {}
[140.573741] (-) TimerEvent: {}
[140.673985] (-) TimerEvent: {}
[140.774256] (-) TimerEvent: {}
[140.874494] (-) TimerEvent: {}
[140.974730] (-) TimerEvent: {}
[141.074968] (-) TimerEvent: {}
[141.175212] (-) TimerEvent: {}
[141.275458] (-) TimerEvent: {}
[141.375671] (-) TimerEvent: {}
[141.475941] (-) TimerEvent: {}
[141.576197] (-) TimerEvent: {}
[141.676441] (-) TimerEvent: {}
[141.776698] (-) TimerEvent: {}
[141.877009] (-) TimerEvent: {}
[141.977242] (-) TimerEvent: {}
[142.077465] (-) TimerEvent: {}
[142.177785] (-) TimerEvent: {}
[142.278039] (-) TimerEvent: {}
[142.378306] (-) TimerEvent: {}
[142.478554] (-) TimerEvent: {}
[142.578859] (-) TimerEvent: {}
[142.679075] (-) TimerEvent: {}
[142.779438] (-) TimerEvent: {}
[142.879691] (-) TimerEvent: {}
[142.979970] (-) TimerEvent: {}
[143.080212] (-) TimerEvent: {}
[143.180471] (-) TimerEvent: {}
[143.280658] (-) TimerEvent: {}
[143.380977] (-) TimerEvent: {}
[143.481226] (-) TimerEvent: {}
[143.581601] (-) TimerEvent: {}
[143.681930] (-) TimerEvent: {}
[143.782300] (-) TimerEvent: {}
[143.882613] (-) TimerEvent: {}
[143.982840] (-) TimerEvent: {}
[144.083134] (-) TimerEvent: {}
[144.183463] (-) TimerEvent: {}
[144.283777] (-) TimerEvent: {}
[144.384080] (-) TimerEvent: {}
[144.484331] (-) TimerEvent: {}
[144.584634] (-) TimerEvent: {}
[144.684867] (-) TimerEvent: {}
[144.785143] (-) TimerEvent: {}
[144.885370] (-) TimerEvent: {}
[144.985619] (-) TimerEvent: {}
[145.085856] (-) TimerEvent: {}
[145.186125] (-) TimerEvent: {}
[145.286379] (-) TimerEvent: {}
[145.386689] (-) TimerEvent: {}
[145.486940] (-) TimerEvent: {}
[145.587220] (-) TimerEvent: {}
[145.687449] (-) TimerEvent: {}
[145.787791] (-) TimerEvent: {}
[145.888045] (-) TimerEvent: {}
[145.988303] (-) TimerEvent: {}
[146.088646] (-) TimerEvent: {}
[146.188959] (-) TimerEvent: {}
[146.289208] (-) TimerEvent: {}
[146.389439] (-) TimerEvent: {}
[146.489727] (-) TimerEvent: {}
[146.589988] (-) TimerEvent: {}
[146.690238] (-) TimerEvent: {}
[146.790496] (-) TimerEvent: {}
[146.890817] (-) TimerEvent: {}
[146.991078] (-) TimerEvent: {}
[147.091322] (-) TimerEvent: {}
[147.191625] (-) TimerEvent: {}
[147.291849] (-) TimerEvent: {}
[147.392163] (-) TimerEvent: {}
[147.492407] (-) TimerEvent: {}
[147.592714] (-) TimerEvent: {}
[147.692945] (-) TimerEvent: {}
[147.793208] (-) TimerEvent: {}
[147.893428] (-) TimerEvent: {}
[147.993658] (-) TimerEvent: {}
[148.093886] (-) TimerEvent: {}
[148.109973] (micro_ros_agent) StderrLine: {'line': b'HEAD is now at eb322062 Bump version to 1.9.2\n'}
[148.142975] (micro_ros_agent) StdoutLine: {'line': b"[ 18%] \x1b[34m\x1b[1mPerforming update step for 'spdlog'\x1b[0m\n"}
[148.160041] (micro_ros_agent) StdoutLine: {'line': b"[ 25%] \x1b[34m\x1b[1mNo patch step for 'spdlog'\x1b[0m\n"}
[148.177354] (micro_ros_agent) StdoutLine: {'line': b"[ 31%] \x1b[34m\x1b[1mPerforming configure step for 'spdlog'\x1b[0m\n"}
[148.183354] (micro_ros_agent) StdoutLine: {'line': b'loading initial cache file /home/mouha/esp32_led_spacebar/ros2_ws/build/micro_ros_agent/agent/src/xrceagent-build/spdlog/tmp/spdlog-cache-.cmake\n'}
[148.193979] (-) TimerEvent: {}
[148.223704] (micro_ros_agent) StdoutLine: {'line': b'-- The CXX compiler identification is GNU 13.3.0\n'}
[148.234529] (micro_ros_agent) StdoutLine: {'line': b'-- Detecting CXX compiler ABI info\n'}
[148.294093] (-) TimerEvent: {}
[148.300684] (micro_ros_agent) StdoutLine: {'line': b'-- Detecting CXX compiler ABI info - done\n'}
[148.307378] (micro_ros_agent) StdoutLine: {'line': b'-- Check for working CXX compiler: /usr/bin/c++ - skipped\n'}
[148.307488] (micro_ros_agent) StdoutLine: {'line': b'-- Detecting CXX compile features\n'}
[148.307934] (micro_ros_agent) StdoutLine: {'line': b'-- Detecting CXX compile features - done\n'}
[148.308205] (micro_ros_agent) StdoutLine: {'line': b'-- Build spdlog: 1.9.2\n'}
[148.310706] (micro_ros_agent) StdoutLine: {'line': b'-- Performing Test CMAKE_HAVE_LIBC_PTHREAD\n'}
[148.380301] (micro_ros_agent) StdoutLine: {'line': b'-- Performing Test CMAKE_HAVE_LIBC_PTHREAD - Success\n'}
[148.380871] (micro_ros_agent) StdoutLine: {'line': b'-- Found Threads: TRUE  \n'}
[148.380982] (micro_ros_agent) StdoutLine: {'line': b'-- Build type: Release\n'}
[148.381435] (micro_ros_agent) StdoutLine: {'line': b'-- Generating example(s)\n'}
[148.381925] (micro_ros_agent) StdoutLine: {'line': b'-- Generating install\n'}
[148.388180] (micro_ros_agent) StdoutLine: {'line': b'-- Configuring done (0.2s)\n'}
[148.392654] (micro_ros_agent) StdoutLine: {'line': b'-- Generating done (0.0s)\n'}
[148.393000] (micro_ros_agent) StdoutLine: {'line': b'-- Build files have been written to: /home/mouha/esp32_led_spacebar/ros2_ws/build/micro_ros_agent/agent/src/xrceagent-build/spdlog/src/spdlog-build\n'}
[148.394163] (-) TimerEvent: {}
[148.406960] (micro_ros_agent) StdoutLine: {'line': b"[ 37%] \x1b[34m\x1b[1mPerforming build step for 'spdlog'\x1b[0m\n"}
[148.435275] (micro_ros_agent) StdoutLine: {'line': b'[ 50%] \x1b[32mBuilding CXX object CMakeFiles/spdlog.dir/src/stdout_sinks.cpp.o\x1b[0m\n'}
[148.435495] (micro_ros_agent) StdoutLine: {'line': b'[ 50%] \x1b[32mBuilding CXX object CMakeFiles/spdlog.dir/src/async.cpp.o\x1b[0m\n'}
[148.435578] (micro_ros_agent) StdoutLine: {'line': b'[ 50%] \x1b[32mBuilding CXX object CMakeFiles/spdlog.dir/src/color_sinks.cpp.o\x1b[0m\n'}
[148.435662] (micro_ros_agent) StdoutLine: {'line': b'[ 50%] \x1b[32mBuilding CXX object CMakeFiles/spdlog.dir/src/cfg.cpp.o\x1b[0m\n'}
[148.435734] (micro_ros_agent) StdoutLine: {'line': b'[ 50%] \x1b[32mBuilding CXX object CMakeFiles/spdlog.dir/src/file_sinks.cpp.o\x1b[0m\n'}
[148.436035] (micro_ros_agent) StdoutLine: {'line': b'[ 60%] \x1b[32mBuilding CXX object CMakeFiles/spdlog.dir/src/spdlog.cpp.o\x1b[0m\n'}
[148.437525] (micro_ros_agent) StdoutLine: {'line': b'[ 70%] \x1b[32mBuilding CXX object CMakeFiles/spdlog.dir/src/fmt.cpp.o\x1b[0m\n'}
[148.494287] (-) TimerEvent: {}
[148.594569] (-) TimerEvent: {}
[148.694881] (-) TimerEvent: {}
[148.795209] (-) TimerEvent: {}
[148.895521] (-) TimerEvent: {}
[148.995847] (-) TimerEvent: {}
[149.096161] (-) TimerEvent: {}
[149.196472] (-) TimerEvent: {}
[149.296774] (-) TimerEvent: {}
[149.397072] (-) TimerEvent: {}
[149.497356] (-) TimerEvent: {}
[149.597661] (-) TimerEvent: {}
[149.697980] (-) TimerEvent: {}
[149.798272] (-) TimerEvent: {}
[149.898521] (-) TimerEvent: {}
[149.998761] (-) TimerEvent: {}
[150.099005] (-) TimerEvent: {}
[150.199289] (-) TimerEvent: {}
[150.299583] (-) TimerEvent: {}
[150.399920] (-) TimerEvent: {}
[150.500177] (-) TimerEvent: {}
[150.600421] (-) TimerEvent: {}
[150.700684] (-) TimerEvent: {}
[150.800946] (-) TimerEvent: {}
[150.901166] (-) TimerEvent: {}
[151.001399] (-) TimerEvent: {}
[151.101647] (-) TimerEvent: {}
[151.201871] (-) TimerEvent: {}
[151.302114] (-) TimerEvent: {}
[151.402358] (-) TimerEvent: {}
[151.502587] (-) TimerEvent: {}
[151.602906] (-) TimerEvent: {}
[151.703156] (-) TimerEvent: {}
[151.803410] (-) TimerEvent: {}
[151.903678] (-) TimerEvent: {}
[152.003927] (-) TimerEvent: {}
[152.104178] (-) TimerEvent: {}
[152.204427] (-) TimerEvent: {}
[152.304717] (-) TimerEvent: {}
[152.404968] (-) TimerEvent: {}
[152.505209] (-) TimerEvent: {}
[152.605469] (-) TimerEvent: {}
[152.705680] (-) TimerEvent: {}
[152.805978] (-) TimerEvent: {}
[152.906237] (-) TimerEvent: {}
[153.006542] (-) TimerEvent: {}
[153.106804] (-) TimerEvent: {}
[153.207125] (-) TimerEvent: {}
[153.307384] (-) TimerEvent: {}
[153.407695] (-) TimerEvent: {}
[153.431898] (micro_ros_agent) StdoutLine: {'line': b'[ 80%] \x1b[32m\x1b[1mLinking CXX static library libspdlog.a\x1b[0m\n'}
[153.479862] (micro_ros_agent) StdoutLine: {'line': b'[ 80%] Built target spdlog\n'}
[153.494393] (micro_ros_agent) StdoutLine: {'line': b'[ 90%] \x1b[32mBuilding CXX object example/CMakeFiles/example.dir/example.cpp.o\x1b[0m\n'}
[153.507838] (-) TimerEvent: {}
[153.608087] (-) TimerEvent: {}
[153.708339] (-) TimerEvent: {}
[153.808701] (-) TimerEvent: {}
[153.908951] (-) TimerEvent: {}
[154.009232] (-) TimerEvent: {}
[154.109458] (-) TimerEvent: {}
[154.209781] (-) TimerEvent: {}
[154.310009] (-) TimerEvent: {}
[154.410253] (-) TimerEvent: {}
[154.510529] (-) TimerEvent: {}
[154.610821] (-) TimerEvent: {}
[154.711060] (-) TimerEvent: {}
[154.811317] (-) TimerEvent: {}
[154.911557] (-) TimerEvent: {}
[155.011798] (-) TimerEvent: {}
[155.112047] (-) TimerEvent: {}
[155.212293] (-) TimerEvent: {}
[155.312522] (-) TimerEvent: {}
[155.412758] (-) TimerEvent: {}
[155.513003] (-) TimerEvent: {}
[155.613333] (-) TimerEvent: {}
[155.713559] (-) TimerEvent: {}
[155.813873] (-) TimerEvent: {}
[155.914115] (-) TimerEvent: {}
[156.014407] (-) TimerEvent: {}
[156.114727] (-) TimerEvent: {}
[156.214969] (-) TimerEvent: {}
[156.315201] (-) TimerEvent: {}
[156.374004] (micro_ros_agent) StdoutLine: {'line': b'[100%] \x1b[32m\x1b[1mLinking CXX executable example\x1b[0m\n'}
[156.415305] (-) TimerEvent: {}
[156.435815] (micro_ros_agent) StdoutLine: {'line': b'[100%] Built target example\n'}
[156.453887] (micro_ros_agent) StdoutLine: {'line': b"[ 43%] \x1b[34m\x1b[1mPerforming install step for 'spdlog'\x1b[0m\n"}
[156.488719] (micro_ros_agent) StdoutLine: {'line': b'[ 80%] Built target spdlog\n'}
[156.505344] (micro_ros_agent) StdoutLine: {'line': b'[100%] Built target example\n'}
[156.515412] (-) TimerEvent: {}
[156.518515] (micro_ros_agent) StdoutLine: {'line': b'\x1b[36mInstall the project...\x1b[0m\n'}
[156.524834] (micro_ros_agent) StdoutLine: {'line': b'-- Install configuration: "Release"\n'}
[156.525058] (micro_ros_agent) StdoutLine: {'line': b'-- Installing: /home/mouha/esp32_led_spacebar/ros2_ws/build/micro_ros_agent/agent/src/xrceagent-build/temp_install/spdlog-1.9.2/include\n'}
[156.525178] (micro_ros_agent) StdoutLine: {'line': b'-- Installing: /home/mouha/esp32_led_spacebar/ros2_ws/build/micro_ros_agent/agent/src/xrceagent-build/temp_install/spdlog-1.9.2/include/spdlog\n'}
[156.525286] (micro_ros_agent) StdoutLine: {'line': b'-- Installing: /home/mouha/esp32_led_spacebar/ros2_ws/build/micro_ros_agent/agent/src/xrceagent-build/temp_install/spdlog-1.9.2/include/spdlog/common.h\n'}
[156.525389] (micro_ros_agent) StdoutLine: {'line': b'-- Installing: /home/mouha/esp32_led_spacebar/ros2_ws/build/micro_ros_agent/agent/src/xrceagent-build/temp_install/spdlog-1.9.2/include/spdlog/cfg\n'}
[156.525486] (micro_ros_agent) StdoutLine: {'line': b'-- Installing: /home/mouha/esp32_led_spacebar/ros2_ws/build/micro_ros_agent/agent/src/xrceagent-build/temp_install/spdlog-1.9.2/include/spdlog/cfg/helpers.h\n'}
[156.525581] (micro_ros_agent) StdoutLine: {'line': b'-- Installing: /home/mouha/esp32_led_spacebar/ros2_ws/build/micro_ros_agent/agent/src/xrceagent-build/temp_install/spdlog-1.9.2/include/spdlog/cfg/argv.h\n'}
[156.525673] (micro_ros_agent) StdoutLine: {'line': b'-- Installing: /home/mouha/esp32_led_spacebar/ros2_ws/build/micro_ros_agent/agent/src/xrceagent-build/temp_install/spdlog-1.9.2/include/spdlog/cfg/helpers-inl.h\n'}
[156.525762] (micro_ros_agent) StdoutLine: {'line': b'-- Installing: /home/mouha/esp32_led_spacebar/ros2_ws/build/micro_ros_agent/agent/src/xrceagent-build/temp_install/spdlog-1.9.2/include/spdlog/cfg/env.h\n'}
[156.525887] (micro_ros_agent) StdoutLine: {'line': b'-- Installing: /home/mouha/esp32_led_spacebar/ros2_ws/build/micro_ros_agent/agent/src/xrceagent-build/temp_install/spdlog-1.9.2/include/spdlog/common-inl.h\n'}
[156.525982] (micro_ros_agent) StdoutLine: {'line': b'-- Installing: /home/mouha/esp32_led_spacebar/ros2_ws/build/micro_ros_agent/agent/src/xrceagent-build/temp_install/spdlog-1.9.2/include/spdlog/logger.h\n'}
[156.526076] (micro_ros_agent) StdoutLine: {'line': b'-- Installing: /home/mouha/esp32_led_spacebar/ros2_ws/build/micro_ros_agent/agent/src/xrceagent-build/temp_install/spdlog-1.9.2/include/spdlog/version.h\n'}
[156.526181] (micro_ros_agent) StdoutLine: {'line': b'-- Installing: /home/mouha/esp32_led_spacebar/ros2_ws/build/micro_ros_agent/agent/src/xrceagent-build/temp_install/spdlog-1.9.2/include/spdlog/fwd.h\n'}
[156.526277] (micro_ros_agent) StdoutLine: {'line': b'-- Installing: /home/mouha/esp32_led_spacebar/ros2_ws/build/micro_ros_agent/agent/src/xrceagent-build/temp_install/spdlog-1.9.2/include/spdlog/pattern_formatter.h\n'}
[156.526372] (micro_ros_agent) StdoutLine: {'line': b'-- Installing: /home/mouha/esp32_led_spacebar/ros2_ws/build/micro_ros_agent/agent/src/xrceagent-build/temp_install/spdlog-1.9.2/include/spdlog/async.h\n'}
[156.526466] (micro_ros_agent) StdoutLine: {'line': b'-- Installing: /home/mouha/esp32_led_spacebar/ros2_ws/build/micro_ros_agent/agent/src/xrceagent-build/temp_install/spdlog-1.9.2/include/spdlog/details\n'}
[156.526558] (micro_ros_agent) StdoutLine: {'line': b'-- Installing: /home/mouha/esp32_led_spacebar/ros2_ws/build/micro_ros_agent/agent/src/xrceagent-build/temp_install/spdlog-1.9.2/include/spdlog/details/file_helper-inl.h\n'}
[156.526665] (micro_ros_agent) StdoutLine: {'line': b'-- Installing: /home/mouha/esp32_led_spacebar/ros2_ws/build/micro_ros_agent/agent/src/xrceagent-build/temp_install/spdlog-1.9.2/include/spdlog/details/periodic_worker-inl.h\n'}
[156.526762] (micro_ros_agent) StdoutLine: {'line': b'-- Installing: /home/mouha/esp32_led_spacebar/ros2_ws/build/micro_ros_agent/agent/src/xrceagent-build/temp_install/spdlog-1.9.2/include/spdlog/details/fmt_helper.h\n'}
[156.526857] (micro_ros_agent) StdoutLine: {'line': b'-- Installing: /home/mouha/esp32_led_spacebar/ros2_ws/build/micro_ros_agent/agent/src/xrceagent-build/temp_install/spdlog-1.9.2/include/spdlog/details/console_globals.h\n'}
[156.526952] (micro_ros_agent) StdoutLine: {'line': b'-- Installing: /home/mouha/esp32_led_spacebar/ros2_ws/build/micro_ros_agent/agent/src/xrceagent-build/temp_install/spdlog-1.9.2/include/spdlog/details/thread_pool.h\n'}
[156.527046] (micro_ros_agent) StdoutLine: {'line': b'-- Installing: /home/mouha/esp32_led_spacebar/ros2_ws/build/micro_ros_agent/agent/src/xrceagent-build/temp_install/spdlog-1.9.2/include/spdlog/details/null_mutex.h\n'}
[156.527141] (micro_ros_agent) StdoutLine: {'line': b'-- Installing: /home/mouha/esp32_led_spacebar/ros2_ws/build/micro_ros_agent/agent/src/xrceagent-build/temp_install/spdlog-1.9.2/include/spdlog/details/tcp_client-windows.h\n'}
[156.527231] (micro_ros_agent) StdoutLine: {'line': b'-- Installing: /home/mouha/esp32_led_spacebar/ros2_ws/build/micro_ros_agent/agent/src/xrceagent-build/temp_install/spdlog-1.9.2/include/spdlog/details/mpmc_blocking_q.h\n'}
[156.527335] (micro_ros_agent) StdoutLine: {'line': b'-- Installing: /home/mouha/esp32_led_spacebar/ros2_ws/build/micro_ros_agent/agent/src/xrceagent-build/temp_install/spdlog-1.9.2/include/spdlog/details/log_msg_buffer.h\n'}
[156.527433] (micro_ros_agent) StdoutLine: {'line': b'-- Installing: /home/mouha/esp32_led_spacebar/ros2_ws/build/micro_ros_agent/agent/src/xrceagent-build/temp_install/spdlog-1.9.2/include/spdlog/details/file_helper.h\n'}
[156.527531] (micro_ros_agent) StdoutLine: {'line': b'-- Installing: /home/mouha/esp32_led_spacebar/ros2_ws/build/micro_ros_agent/agent/src/xrceagent-build/temp_install/spdlog-1.9.2/include/spdlog/details/circular_q.h\n'}
[156.527634] (micro_ros_agent) StdoutLine: {'line': b'-- Installing: /home/mouha/esp32_led_spacebar/ros2_ws/build/micro_ros_agent/agent/src/xrceagent-build/temp_install/spdlog-1.9.2/include/spdlog/details/synchronous_factory.h\n'}
[156.527731] (micro_ros_agent) StdoutLine: {'line': b'-- Installing: /home/mouha/esp32_led_spacebar/ros2_ws/build/micro_ros_agent/agent/src/xrceagent-build/temp_install/spdlog-1.9.2/include/spdlog/details/thread_pool-inl.h\n'}
[156.527826] (micro_ros_agent) StdoutLine: {'line': b'-- Installing: /home/mouha/esp32_led_spacebar/ros2_ws/build/micro_ros_agent/agent/src/xrceagent-build/temp_install/spdlog-1.9.2/include/spdlog/details/registry-inl.h\n'}
[156.527932] (micro_ros_agent) StdoutLine: {'line': b'-- Installing: /home/mouha/esp32_led_spacebar/ros2_ws/build/micro_ros_agent/agent/src/xrceagent-build/temp_install/spdlog-1.9.2/include/spdlog/details/windows_include.h\n'}
[156.528025] (micro_ros_agent) StdoutLine: {'line': b'-- Installing: /home/mouha/esp32_led_spacebar/ros2_ws/build/micro_ros_agent/agent/src/xrceagent-build/temp_install/spdlog-1.9.2/include/spdlog/details/os.h\n'}
[156.528121] (micro_ros_agent) StdoutLine: {'line': b'-- Installing: /home/mouha/esp32_led_spacebar/ros2_ws/build/micro_ros_agent/agent/src/xrceagent-build/temp_install/spdlog-1.9.2/include/spdlog/details/log_msg_buffer-inl.h\n'}
[156.528215] (micro_ros_agent) StdoutLine: {'line': b'-- Installing: /home/mouha/esp32_led_spacebar/ros2_ws/build/micro_ros_agent/agent/src/xrceagent-build/temp_install/spdlog-1.9.2/include/spdlog/details/os-inl.h\n'}
[156.528308] (micro_ros_agent) StdoutLine: {'line': b'-- Installing: /home/mouha/esp32_led_spacebar/ros2_ws/build/micro_ros_agent/agent/src/xrceagent-build/temp_install/spdlog-1.9.2/include/spdlog/details/log_msg.h\n'}
[156.528405] (micro_ros_agent) StdoutLine: {'line': b'-- Installing: /home/mouha/esp32_led_spacebar/ros2_ws/build/micro_ros_agent/agent/src/xrceagent-build/temp_install/spdlog-1.9.2/include/spdlog/details/periodic_worker.h\n'}
[156.528499] (micro_ros_agent) StdoutLine: {'line': b'-- Installing: /home/mouha/esp32_led_spacebar/ros2_ws/build/micro_ros_agent/agent/src/xrceagent-build/temp_install/spdlog-1.9.2/include/spdlog/details/tcp_client.h\n'}
[156.528597] (micro_ros_agent) StdoutLine: {'line': b'-- Installing: /home/mouha/esp32_led_spacebar/ros2_ws/build/micro_ros_agent/agent/src/xrceagent-build/temp_install/spdlog-1.9.2/include/spdlog/details/registry.h\n'}
[156.528696] (micro_ros_agent) StdoutLine: {'line': b'-- Installing: /home/mouha/esp32_led_spacebar/ros2_ws/build/micro_ros_agent/agent/src/xrceagent-build/temp_install/spdlog-1.9.2/include/spdlog/details/backtracer-inl.h\n'}
[156.528792] (micro_ros_agent) StdoutLine: {'line': b'-- Installing: /home/mouha/esp32_led_spacebar/ros2_ws/build/micro_ros_agent/agent/src/xrceagent-build/temp_install/spdlog-1.9.2/include/spdlog/details/log_msg-inl.h\n'}
[156.528888] (micro_ros_agent) StdoutLine: {'line': b'-- Installing: /home/mouha/esp32_led_spacebar/ros2_ws/build/micro_ros_agent/agent/src/xrceagent-build/temp_install/spdlog-1.9.2/include/spdlog/details/backtracer.h\n'}
[156.528991] (micro_ros_agent) StdoutLine: {'line': b'-- Installing: /home/mouha/esp32_led_spacebar/ros2_ws/build/micro_ros_agent/agent/src/xrceagent-build/temp_install/spdlog-1.9.2/include/spdlog/formatter.h\n'}
[156.529095] (micro_ros_agent) StdoutLine: {'line': b'-- Installing: /home/mouha/esp32_led_spacebar/ros2_ws/build/micro_ros_agent/agent/src/xrceagent-build/temp_install/spdlog-1.9.2/include/spdlog/async_logger.h\n'}
[156.529191] (micro_ros_agent) StdoutLine: {'line': b'-- Installing: /home/mouha/esp32_led_spacebar/ros2_ws/build/micro_ros_agent/agent/src/xrceagent-build/temp_install/spdlog-1.9.2/include/spdlog/spdlog.h\n'}
[156.529287] (micro_ros_agent) StdoutLine: {'line': b'-- Installing: /home/mouha/esp32_led_spacebar/ros2_ws/build/micro_ros_agent/agent/src/xrceagent-build/temp_install/spdlog-1.9.2/include/spdlog/pattern_formatter-inl.h\n'}
[156.529382] (micro_ros_agent) StdoutLine: {'line': b'-- Installing: /home/mouha/esp32_led_spacebar/ros2_ws/build/micro_ros_agent/agent/src/xrceagent-build/temp_install/spdlog-1.9.2/include/spdlog/spdlog-inl.h\n'}
[156.529477] (micro_ros_agent) StdoutLine: {'line': b'-- Installing: /home/mouha/esp32_led_spacebar/ros2_ws/build/micro_ros_agent/agent/src/xrceagent-build/temp_install/spdlog-1.9.2/include/spdlog/sinks\n'}
[156.529579] (micro_ros_agent) StdoutLine: {'line': b'-- Installing: /home/mouha/esp32_led_spacebar/ros2_ws/build/micro_ros_agent/agent/src/xrceagent-build/temp_install/spdlog-1.9.2/include/spdlog/sinks/dist_sink.h\n'}
[156.529667] (micro_ros_agent) StdoutLine: {'line': b'-- Installing: /home/mouha/esp32_led_spacebar/ros2_ws/build/micro_ros_agent/agent/src/xrceagent-build/temp_install/spdlog-1.9.2/include/spdlog/sinks/sink.h\n'}
[156.529773] (micro_ros_agent) StdoutLine: {'line': b'-- Installing: /home/mouha/esp32_led_spacebar/ros2_ws/build/micro_ros_agent/agent/src/xrceagent-build/temp_install/spdlog-1.9.2/include/spdlog/sinks/ostream_sink.h\n'}
[156.529868] (micro_ros_agent) StdoutLine: {'line': b'-- Installing: /home/mouha/esp32_led_spacebar/ros2_ws/build/micro_ros_agent/agent/src/xrceagent-build/temp_install/spdlog-1.9.2/include/spdlog/sinks/rotating_file_sink.h\n'}
[156.529963] (micro_ros_agent) StdoutLine: {'line': b'-- Installing: /home/mouha/esp32_led_spacebar/ros2_ws/build/micro_ros_agent/agent/src/xrceagent-build/temp_install/spdlog-1.9.2/include/spdlog/sinks/rotating_file_sink-inl.h\n'}
[156.530063] (micro_ros_agent) StdoutLine: {'line': b'-- Installing: /home/mouha/esp32_led_spacebar/ros2_ws/build/micro_ros_agent/agent/src/xrceagent-build/temp_install/spdlog-1.9.2/include/spdlog/sinks/stdout_sinks.h\n'}
[156.530159] (micro_ros_agent) StdoutLine: {'line': b'-- Installing: /home/mouha/esp32_led_spacebar/ros2_ws/build/micro_ros_agent/agent/src/xrceagent-build/temp_install/spdlog-1.9.2/include/spdlog/sinks/mongo_sink.h\n'}
[156.530256] (micro_ros_agent) StdoutLine: {'line': b'-- Installing: /home/mouha/esp32_led_spacebar/ros2_ws/build/micro_ros_agent/agent/src/xrceagent-build/temp_install/spdlog-1.9.2/include/spdlog/sinks/stdout_sinks-inl.h\n'}
[156.530353] (micro_ros_agent) StdoutLine: {'line': b'-- Installing: /home/mouha/esp32_led_spacebar/ros2_ws/build/micro_ros_agent/agent/src/xrceagent-build/temp_install/spdlog-1.9.2/include/spdlog/sinks/base_sink-inl.h\n'}
[156.530469] (micro_ros_agent) StdoutLine: {'line': b'-- Installing: /home/mouha/esp32_led_spacebar/ros2_ws/build/micro_ros_agent/agent/src/xrceagent-build/temp_install/spdlog-1.9.2/include/spdlog/sinks/wincolor_sink.h\n'}
[156.530602] (micro_ros_agent) StdoutLine: {'line': b'-- Installing: /home/mouha/esp32_led_spacebar/ros2_ws/build/micro_ros_agent/agent/src/xrceagent-build/temp_install/spdlog-1.9.2/include/spdlog/sinks/stdout_color_sinks-inl.h\n'}
[156.530765] (micro_ros_agent) StdoutLine: {'line': b'-- Installing: /home/mouha/esp32_led_spacebar/ros2_ws/build/micro_ros_agent/agent/src/xrceagent-build/temp_install/spdlog-1.9.2/include/spdlog/sinks/basic_file_sink-inl.h\n'}
[156.530863] (micro_ros_agent) StdoutLine: {'line': b'-- Installing: /home/mouha/esp32_led_spacebar/ros2_ws/build/micro_ros_agent/agent/src/xrceagent-build/temp_install/spdlog-1.9.2/include/spdlog/sinks/basic_file_sink.h\n'}
[156.530961] (micro_ros_agent) StdoutLine: {'line': b'-- Installing: /home/mouha/esp32_led_spacebar/ros2_ws/build/micro_ros_agent/agent/src/xrceagent-build/temp_install/spdlog-1.9.2/include/spdlog/sinks/systemd_sink.h\n'}
[156.531055] (micro_ros_agent) StdoutLine: {'line': b'-- Installing: /home/mouha/esp32_led_spacebar/ros2_ws/build/micro_ros_agent/agent/src/xrceagent-build/temp_install/spdlog-1.9.2/include/spdlog/sinks/wincolor_sink-inl.h\n'}
[156.531159] (micro_ros_agent) StdoutLine: {'line': b'-- Installing: /home/mouha/esp32_led_spacebar/ros2_ws/build/micro_ros_agent/agent/src/xrceagent-build/temp_install/spdlog-1.9.2/include/spdlog/sinks/sink-inl.h\n'}
[156.531256] (micro_ros_agent) StdoutLine: {'line': b'-- Installing: /home/mouha/esp32_led_spacebar/ros2_ws/build/micro_ros_agent/agent/src/xrceagent-build/temp_install/spdlog-1.9.2/include/spdlog/sinks/tcp_sink.h\n'}
[156.531356] (micro_ros_agent) StdoutLine: {'line': b'-- Installing: /home/mouha/esp32_led_spacebar/ros2_ws/build/micro_ros_agent/agent/src/xrceagent-build/temp_install/spdlog-1.9.2/include/spdlog/sinks/base_sink.h\n'}
[156.531452] (micro_ros_agent) StdoutLine: {'line': b'-- Installing: /home/mouha/esp32_led_spacebar/ros2_ws/build/micro_ros_agent/agent/src/xrceagent-build/temp_install/spdlog-1.9.2/include/spdlog/sinks/ansicolor_sink.h\n'}
[156.531549] (micro_ros_agent) StdoutLine: {'line': b'-- Installing: /home/mouha/esp32_led_spacebar/ros2_ws/build/micro_ros_agent/agent/src/xrceagent-build/temp_install/spdlog-1.9.2/include/spdlog/sinks/win_eventlog_sink.h\n'}
[156.531661] (micro_ros_agent) StdoutLine: {'line': b'-- Installing: /home/mouha/esp32_led_spacebar/ros2_ws/build/micro_ros_agent/agent/src/xrceagent-build/temp_install/spdlog-1.9.2/include/spdlog/sinks/ringbuffer_sink.h\n'}
[156.531759] (micro_ros_agent) StdoutLine: {'line': b'-- Installing: /home/mouha/esp32_led_spacebar/ros2_ws/build/micro_ros_agent/agent/src/xrceagent-build/temp_install/spdlog-1.9.2/include/spdlog/sinks/msvc_sink.h\n'}
[156.531854] (micro_ros_agent) StdoutLine: {'line': b'-- Installing: /home/mouha/esp32_led_spacebar/ros2_ws/build/micro_ros_agent/agent/src/xrceagent-build/temp_install/spdlog-1.9.2/include/spdlog/sinks/daily_file_sink.h\n'}
[156.531949] (micro_ros_agent) StdoutLine: {'line': b'-- Installing: /home/mouha/esp32_led_spacebar/ros2_ws/build/micro_ros_agent/agent/src/xrceagent-build/temp_install/spdlog-1.9.2/include/spdlog/sinks/stdout_color_sinks.h\n'}
[156.532045] (micro_ros_agent) StdoutLine: {'line': b'-- Installing: /home/mouha/esp32_led_spacebar/ros2_ws/build/micro_ros_agent/agent/src/xrceagent-build/temp_install/spdlog-1.9.2/include/spdlog/sinks/ansicolor_sink-inl.h\n'}
[156.532148] (micro_ros_agent) StdoutLine: {'line': b'-- Installing: /home/mouha/esp32_led_spacebar/ros2_ws/build/micro_ros_agent/agent/src/xrceagent-build/temp_install/spdlog-1.9.2/include/spdlog/sinks/qt_sinks.h\n'}
[156.532229] (micro_ros_agent) StdoutLine: {'line': b'-- Installing: /home/mouha/esp32_led_spacebar/ros2_ws/build/micro_ros_agent/agent/src/xrceagent-build/temp_install/spdlog-1.9.2/include/spdlog/sinks/dup_filter_sink.h\n'}
[156.532308] (micro_ros_agent) StdoutLine: {'line': b'-- Installing: /home/mouha/esp32_led_spacebar/ros2_ws/build/micro_ros_agent/agent/src/xrceagent-build/temp_install/spdlog-1.9.2/include/spdlog/sinks/android_sink.h\n'}
[156.532404] (micro_ros_agent) StdoutLine: {'line': b'-- Installing: /home/mouha/esp32_led_spacebar/ros2_ws/build/micro_ros_agent/agent/src/xrceagent-build/temp_install/spdlog-1.9.2/include/spdlog/sinks/syslog_sink.h\n'}
[156.532481] (micro_ros_agent) StdoutLine: {'line': b'-- Installing: /home/mouha/esp32_led_spacebar/ros2_ws/build/micro_ros_agent/agent/src/xrceagent-build/temp_install/spdlog-1.9.2/include/spdlog/sinks/null_sink.h\n'}
[156.532564] (micro_ros_agent) StdoutLine: {'line': b'-- Installing: /home/mouha/esp32_led_spacebar/ros2_ws/build/micro_ros_agent/agent/src/xrceagent-build/temp_install/spdlog-1.9.2/include/spdlog/sinks/hourly_file_sink.h\n'}
[156.532655] (micro_ros_agent) StdoutLine: {'line': b'-- Installing: /home/mouha/esp32_led_spacebar/ros2_ws/build/micro_ros_agent/agent/src/xrceagent-build/temp_install/spdlog-1.9.2/include/spdlog/tweakme.h\n'}
[156.532736] (micro_ros_agent) StdoutLine: {'line': b'-- Installing: /home/mouha/esp32_led_spacebar/ros2_ws/build/micro_ros_agent/agent/src/xrceagent-build/temp_install/spdlog-1.9.2/include/spdlog/stopwatch.h\n'}
[156.532815] (micro_ros_agent) StdoutLine: {'line': b'-- Installing: /home/mouha/esp32_led_spacebar/ros2_ws/build/micro_ros_agent/agent/src/xrceagent-build/temp_install/spdlog-1.9.2/include/spdlog/async_logger-inl.h\n'}
[156.532892] (micro_ros_agent) StdoutLine: {'line': b'-- Installing: /home/mouha/esp32_led_spacebar/ros2_ws/build/micro_ros_agent/agent/src/xrceagent-build/temp_install/spdlog-1.9.2/include/spdlog/logger-inl.h\n'}
[156.532971] (micro_ros_agent) StdoutLine: {'line': b'-- Installing: /home/mouha/esp32_led_spacebar/ros2_ws/build/micro_ros_agent/agent/src/xrceagent-build/temp_install/spdlog-1.9.2/include/spdlog/fmt\n'}
[156.533046] (micro_ros_agent) StdoutLine: {'line': b'-- Installing: /home/mouha/esp32_led_spacebar/ros2_ws/build/micro_ros_agent/agent/src/xrceagent-build/temp_install/spdlog-1.9.2/include/spdlog/fmt/bin_to_hex.h\n'}
[156.533126] (micro_ros_agent) StdoutLine: {'line': b'-- Installing: /home/mouha/esp32_led_spacebar/ros2_ws/build/micro_ros_agent/agent/src/xrceagent-build/temp_install/spdlog-1.9.2/include/spdlog/fmt/compile.h\n'}
[156.533202] (micro_ros_agent) StdoutLine: {'line': b'-- Installing: /home/mouha/esp32_led_spacebar/ros2_ws/build/micro_ros_agent/agent/src/xrceagent-build/temp_install/spdlog-1.9.2/include/spdlog/fmt/chrono.h\n'}
[156.533279] (micro_ros_agent) StdoutLine: {'line': b'-- Installing: /home/mouha/esp32_led_spacebar/ros2_ws/build/micro_ros_agent/agent/src/xrceagent-build/temp_install/spdlog-1.9.2/include/spdlog/fmt/xchar.h\n'}
[156.533382] (micro_ros_agent) StdoutLine: {'line': b'-- Installing: /home/mouha/esp32_led_spacebar/ros2_ws/build/micro_ros_agent/agent/src/xrceagent-build/temp_install/spdlog-1.9.2/include/spdlog/fmt/fmt.h\n'}
[156.533477] (micro_ros_agent) StdoutLine: {'line': b'-- Installing: /home/mouha/esp32_led_spacebar/ros2_ws/build/micro_ros_agent/agent/src/xrceagent-build/temp_install/spdlog-1.9.2/include/spdlog/fmt/ostr.h\n'}
[156.533573] (micro_ros_agent) StdoutLine: {'line': b'-- Installing: /home/mouha/esp32_led_spacebar/ros2_ws/build/micro_ros_agent/agent/src/xrceagent-build/temp_install/spdlog-1.9.2/lib/libspdlog.a\n'}
[156.533685] (micro_ros_agent) StdoutLine: {'line': b'-- Installing: /home/mouha/esp32_led_spacebar/ros2_ws/build/micro_ros_agent/agent/src/xrceagent-build/temp_install/spdlog-1.9.2/include/spdlog/fmt/bundled/\n'}
[156.533781] (micro_ros_agent) StdoutLine: {'line': b'-- Installing: /home/mouha/esp32_led_spacebar/ros2_ws/build/micro_ros_agent/agent/src/xrceagent-build/temp_install/spdlog-1.9.2/include/spdlog/fmt/bundled//ostream.h\n'}
[156.533878] (micro_ros_agent) StdoutLine: {'line': b'-- Installing: /home/mouha/esp32_led_spacebar/ros2_ws/build/micro_ros_agent/agent/src/xrceagent-build/temp_install/spdlog-1.9.2/include/spdlog/fmt/bundled//compile.h\n'}
[156.533973] (micro_ros_agent) StdoutLine: {'line': b'-- Installing: /home/mouha/esp32_led_spacebar/ros2_ws/build/micro_ros_agent/agent/src/xrceagent-build/temp_install/spdlog-1.9.2/include/spdlog/fmt/bundled//color.h\n'}
[156.534073] (micro_ros_agent) StdoutLine: {'line': b'-- Installing: /home/mouha/esp32_led_spacebar/ros2_ws/build/micro_ros_agent/agent/src/xrceagent-build/temp_install/spdlog-1.9.2/include/spdlog/fmt/bundled//chrono.h\n'}
[156.534171] (micro_ros_agent) StdoutLine: {'line': b'-- Installing: /home/mouha/esp32_led_spacebar/ros2_ws/build/micro_ros_agent/agent/src/xrceagent-build/temp_install/spdlog-1.9.2/include/spdlog/fmt/bundled//core.h\n'}
[156.534268] (micro_ros_agent) StdoutLine: {'line': b'-- Installing: /home/mouha/esp32_led_spacebar/ros2_ws/build/micro_ros_agent/agent/src/xrceagent-build/temp_install/spdlog-1.9.2/include/spdlog/fmt/bundled//printf.h\n'}
[156.534365] (micro_ros_agent) StdoutLine: {'line': b'-- Installing: /home/mouha/esp32_led_spacebar/ros2_ws/build/micro_ros_agent/agent/src/xrceagent-build/temp_install/spdlog-1.9.2/include/spdlog/fmt/bundled//xchar.h\n'}
[156.534451] (micro_ros_agent) StdoutLine: {'line': b'-- Installing: /home/mouha/esp32_led_spacebar/ros2_ws/build/micro_ros_agent/agent/src/xrceagent-build/temp_install/spdlog-1.9.2/include/spdlog/fmt/bundled//args.h\n'}
[156.534563] (micro_ros_agent) StdoutLine: {'line': b'-- Installing: /home/mouha/esp32_led_spacebar/ros2_ws/build/micro_ros_agent/agent/src/xrceagent-build/temp_install/spdlog-1.9.2/include/spdlog/fmt/bundled//format.h\n'}
[156.534682] (micro_ros_agent) StdoutLine: {'line': b'-- Installing: /home/mouha/esp32_led_spacebar/ros2_ws/build/micro_ros_agent/agent/src/xrceagent-build/temp_install/spdlog-1.9.2/include/spdlog/fmt/bundled//format-inl.h\n'}
[156.534779] (micro_ros_agent) StdoutLine: {'line': b'-- Installing: /home/mouha/esp32_led_spacebar/ros2_ws/build/micro_ros_agent/agent/src/xrceagent-build/temp_install/spdlog-1.9.2/include/spdlog/fmt/bundled//os.h\n'}
[156.534864] (micro_ros_agent) StdoutLine: {'line': b'-- Installing: /home/mouha/esp32_led_spacebar/ros2_ws/build/micro_ros_agent/agent/src/xrceagent-build/temp_install/spdlog-1.9.2/include/spdlog/fmt/bundled//locale.h\n'}
[156.534964] (micro_ros_agent) StdoutLine: {'line': b'-- Installing: /home/mouha/esp32_led_spacebar/ros2_ws/build/micro_ros_agent/agent/src/xrceagent-build/temp_install/spdlog-1.9.2/include/spdlog/fmt/bundled//ranges.h\n'}
[156.535045] (micro_ros_agent) StdoutLine: {'line': b'-- Installing: /home/mouha/esp32_led_spacebar/ros2_ws/build/micro_ros_agent/agent/src/xrceagent-build/temp_install/spdlog-1.9.2/lib/pkgconfig/spdlog.pc\n'}
[156.535139] (micro_ros_agent) StdoutLine: {'line': b'-- Installing: /home/mouha/esp32_led_spacebar/ros2_ws/build/micro_ros_agent/agent/src/xrceagent-build/temp_install/spdlog-1.9.2/lib/cmake/spdlog/spdlogConfigTargets.cmake\n'}
[156.535232] (micro_ros_agent) StdoutLine: {'line': b'-- Installing: /home/mouha/esp32_led_spacebar/ros2_ws/build/micro_ros_agent/agent/src/xrceagent-build/temp_install/spdlog-1.9.2/lib/cmake/spdlog/spdlogConfigTargets-release.cmake\n'}
[156.535327] (micro_ros_agent) StdoutLine: {'line': b'-- Installing: /home/mouha/esp32_led_spacebar/ros2_ws/build/micro_ros_agent/agent/src/xrceagent-build/temp_install/spdlog-1.9.2/lib/cmake/spdlog/spdlogConfig.cmake\n'}
[156.535427] (micro_ros_agent) StdoutLine: {'line': b'-- Installing: /home/mouha/esp32_led_spacebar/ros2_ws/build/micro_ros_agent/agent/src/xrceagent-build/temp_install/spdlog-1.9.2/lib/cmake/spdlog/spdlogConfigVersion.cmake\n'}
[156.550980] (micro_ros_agent) StdoutLine: {'line': b"[ 50%] \x1b[34m\x1b[1mCompleted 'spdlog'\x1b[0m\n"}
[156.574762] (micro_ros_agent) StdoutLine: {'line': b'[ 50%] Built target spdlog\n'}
[156.588815] (micro_ros_agent) StdoutLine: {'line': b"[ 56%] \x1b[34m\x1b[1mCreating directories for 'uagent'\x1b[0m\n"}
[156.607060] (micro_ros_agent) StdoutLine: {'line': b"[ 62%] \x1b[34m\x1b[1mNo download step for 'uagent'\x1b[0m\n"}
[156.615517] (-) TimerEvent: {}
[156.624812] (micro_ros_agent) StdoutLine: {'line': b"[ 68%] \x1b[34m\x1b[1mNo update step for 'uagent'\x1b[0m\n"}
[156.642813] (micro_ros_agent) StdoutLine: {'line': b"[ 75%] \x1b[34m\x1b[1mNo patch step for 'uagent'\x1b[0m\n"}
[156.660261] (micro_ros_agent) StdoutLine: {'line': b"[ 81%] \x1b[34m\x1b[1mPerforming configure step for 'uagent'\x1b[0m\n"}
[156.666751] (micro_ros_agent) StdoutLine: {'line': b'loading initial cache file /home/mouha/esp32_led_spacebar/ros2_ws/build/micro_ros_agent/agent/src/xrceagent-build/uagent-prefix/tmp/uagent-cache-.cmake\n'}
[156.670679] (micro_ros_agent) StdoutLine: {'line': b"-- Setting build type to 'Release' as none was specified.\n"}
[156.680348] (micro_ros_agent) StdoutLine: {'line': b'-- Found TinyXML2: /usr/lib/x86_64-linux-gnu/cmake/tinyxml2\n'}
[156.715618] (-) TimerEvent: {}
[156.716062] (micro_ros_agent) StdoutLine: {'line': b'-- Found OpenSSL: /usr/lib/x86_64-linux-gnu/libcrypto.so (found version "3.0.13")  \n'}
[156.719797] (micro_ros_agent) StdoutLine: {'line': b'-- Performing Test CMAKE_HAVE_LIBC_PTHREAD\n'}
[156.778836] (micro_ros_agent) StdoutLine: {'line': b'-- Performing Test CMAKE_HAVE_LIBC_PTHREAD - Success\n'}
[156.779609] (micro_ros_agent) StdoutLine: {'line': b'-- Found Threads: TRUE  \n'}
[156.782587] (micro_ros_agent) StdoutLine: {'line': b'-- Configuring done (0.1s)\n'}
[156.789282] (micro_ros_agent) StdoutLine: {'line': b'-- Generating done (0.0s)\n'}
[156.789818] (micro_ros_agent) StdoutLine: {'line': b'-- Build files have been written to: /home/mouha/esp32_led_spacebar/ros2_ws/build/micro_ros_agent/agent/src/xrceagent-build\n'}
[156.803432] (micro_ros_agent) StdoutLine: {'line': b"[ 87%] \x1b[34m\x1b[1mPerforming build step for 'uagent'\x1b[0m\n"}
[156.815696] (-) TimerEvent: {}
[156.835827] (micro_ros_agent) StdoutLine: {'line': b'[  9%] \x1b[32mBuilding CXX object CMakeFiles/microxrcedds_agent.dir/src/cpp/participant/Participant.cpp.o\x1b[0m\n'}
[156.837184] (micro_ros_agent) StdoutLine: {'line': b'[  9%] \x1b[32mBuilding CXX object CMakeFiles/microxrcedds_agent.dir/src/cpp/Agent.cpp.o\x1b[0m\n'}
[156.837262] (micro_ros_agent) StdoutLine: {'line': b'[  9%] \x1b[32mBuilding CXX object CMakeFiles/microxrcedds_agent.dir/src/cpp/Root.cpp.o\x1b[0m\n'}
[156.837337] (micro_ros_agent) StdoutLine: {'line': b'[  9%] \x1b[32mBuilding CXX object CMakeFiles/microxrcedds_agent.dir/src/cpp/AgentInstance.cpp.o\x1b[0m\n'}
[156.837390] (micro_ros_agent) StdoutLine: {'line': b'[ 11%] \x1b[32mBuilding CXX object CMakeFiles/microxrcedds_agent.dir/src/cpp/processor/Processor.cpp.o\x1b[0m\n'}
[156.837438] (micro_ros_agent) StdoutLine: {'line': b'[ 14%] \x1b[32mBuilding CXX object CMakeFiles/microxrcedds_agent.dir/src/cpp/client/ProxyClient.cpp.o\x1b[0m\n'}
[156.837496] (micro_ros_agent) StdoutLine: {'line': b'[ 16%] \x1b[32mBuilding CXX object CMakeFiles/microxrcedds_agent.dir/src/cpp/topic/Topic.cpp.o\x1b[0m\n'}
[156.837556] (micro_ros_agent) StdoutLine: {'line': b'[ 19%] \x1b[32mBuilding CXX object CMakeFiles/microxrcedds_agent.dir/src/cpp/publisher/Publisher.cpp.o\x1b[0m\n'}
[156.837611] (micro_ros_agent) StdoutLine: {'line': b'[ 21%] \x1b[32mBuilding CXX object CMakeFiles/microxrcedds_agent.dir/src/cpp/datawriter/DataWriter.cpp.o\x1b[0m\n'}
[156.837686] (micro_ros_agent) StdoutLine: {'line': b'[ 23%] \x1b[32mBuilding CXX object CMakeFiles/microxrcedds_agent.dir/src/cpp/subscriber/Subscriber.cpp.o\x1b[0m\n'}
[156.838963] (micro_ros_agent) StdoutLine: {'line': b'[ 26%] \x1b[32mBuilding CXX object CMakeFiles/microxrcedds_agent.dir/src/cpp/datareader/DataReader.cpp.o\x1b[0m\n'}
[156.839148] (micro_ros_agent) StdoutLine: {'line': b'[ 28%] \x1b[32mBuilding CXX object CMakeFiles/microxrcedds_agent.dir/src/cpp/requester/Requester.cpp.o\x1b[0m\n'}
[156.915843] (-) TimerEvent: {}
[157.016677] (-) TimerEvent: {}
[157.117016] (-) TimerEvent: {}
[157.217680] (-) TimerEvent: {}
[157.318013] (-) TimerEvent: {}
[157.418682] (-) TimerEvent: {}
[157.519004] (-) TimerEvent: {}
[157.619675] (-) TimerEvent: {}
[157.720001] (-) TimerEvent: {}
[157.820678] (-) TimerEvent: {}
[157.921008] (-) TimerEvent: {}
[158.021686] (-) TimerEvent: {}
[158.096778] (micro_ros_agent) StdoutLine: {'line': b'[ 30%] \x1b[32mBuilding CXX object CMakeFiles/microxrcedds_agent.dir/src/cpp/replier/Replier.cpp.o\x1b[0m\n'}
[158.116687] (micro_ros_agent) StdoutLine: {'line': b'[ 33%] \x1b[32mBuilding CXX object CMakeFiles/microxrcedds_agent.dir/src/cpp/object/XRCEObject.cpp.o\x1b[0m\n'}
[158.121800] (-) TimerEvent: {}
[158.140370] (micro_ros_agent) StdoutLine: {'line': b'[ 35%] \x1b[32mBuilding CXX object CMakeFiles/microxrcedds_agent.dir/src/cpp/types/XRCETypes.cpp.o\x1b[0m\n'}
[158.168207] (micro_ros_agent) StdoutLine: {'line': b'[ 38%] \x1b[32mBuilding CXX object CMakeFiles/microxrcedds_agent.dir/src/cpp/types/MessageHeader.cpp.o\x1b[0m\n'}
[158.221917] (-) TimerEvent: {}
[158.325696] (-) TimerEvent: {}
[158.426034] (-) TimerEvent: {}
[158.526372] (-) TimerEvent: {}
[158.626744] (-) TimerEvent: {}
[158.727076] (-) TimerEvent: {}
[158.767967] (micro_ros_agent) StdoutLine: {'line': b'[ 40%] \x1b[32mBuilding CXX object CMakeFiles/microxrcedds_agent.dir/src/cpp/types/SubMessageHeader.cpp.o\x1b[0m\n'}
[158.827194] (-) TimerEvent: {}
[158.854923] (micro_ros_agent) StdoutLine: {'line': b'[ 42%] \x1b[32mBuilding CXX object CMakeFiles/microxrcedds_agent.dir/src/cpp/message/InputMessage.cpp.o\x1b[0m\n'}
[158.927678] (-) TimerEvent: {}
[159.030423] (-) TimerEvent: {}
[159.130768] (-) TimerEvent: {}
[159.231108] (-) TimerEvent: {}
[159.331677] (-) TimerEvent: {}
[159.433315] (-) TimerEvent: {}
[159.464741] (micro_ros_agent) StdoutLine: {'line': b'[ 45%] \x1b[32mBuilding CXX object CMakeFiles/microxrcedds_agent.dir/src/cpp/message/OutputMessage.cpp.o\x1b[0m\n'}
[159.533438] (-) TimerEvent: {}
[159.633788] (-) TimerEvent: {}
[159.735331] (-) TimerEvent: {}
[159.835687] (-) TimerEvent: {}
[159.936683] (-) TimerEvent: {}
[160.037036] (-) TimerEvent: {}
[160.137404] (-) TimerEvent: {}
[160.238690] (-) TimerEvent: {}
[160.339018] (-) TimerEvent: {}
[160.439371] (-) TimerEvent: {}
[160.539693] (-) TimerEvent: {}
[160.640687] (-) TimerEvent: {}
[160.744951] (-) TimerEvent: {}
[160.845292] (-) TimerEvent: {}
[160.945671] (-) TimerEvent: {}
[161.046027] (-) TimerEvent: {}
[161.059721] (micro_ros_agent) StdoutLine: {'line': b'[ 47%] \x1b[32mBuilding CXX object CMakeFiles/microxrcedds_agent.dir/src/cpp/utils/ArgumentParser.cpp.o\x1b[0m\n'}
[161.146402] (-) TimerEvent: {}
[161.246762] (-) TimerEvent: {}
[161.347218] (-) TimerEvent: {}
[161.391699] (micro_ros_agent) StdoutLine: {'line': b'[ 50%] \x1b[32mBuilding CXX object CMakeFiles/microxrcedds_agent.dir/src/cpp/transport/Server.cpp.o\x1b[0m\n'}
[161.417460] (micro_ros_agent) StdoutLine: {'line': b'[ 52%] \x1b[32mBuilding CXX object CMakeFiles/microxrcedds_agent.dir/src/cpp/transport/stream_framing/StreamFramingProtocol.cpp.o\x1b[0m\n'}
[161.447351] (-) TimerEvent: {}
[161.451837] (micro_ros_agent) StdoutLine: {'line': b'[ 54%] \x1b[32mBuilding CXX object CMakeFiles/microxrcedds_agent.dir/src/cpp/transport/custom/CustomAgent.cpp.o\x1b[0m\n'}
[161.547456] (-) TimerEvent: {}
[161.647823] (-) TimerEvent: {}
[161.684538] (micro_ros_agent) StdoutLine: {'line': b'[ 57%] \x1b[32mBuilding CXX object CMakeFiles/microxrcedds_agent.dir/src/cpp/transport/udp/UDPv4AgentLinux.cpp.o\x1b[0m\n'}
[161.748682] (-) TimerEvent: {}
[161.849055] (-) TimerEvent: {}
[161.952598] (-) TimerEvent: {}
[162.052951] (-) TimerEvent: {}
[162.153287] (-) TimerEvent: {}
[162.253593] (-) TimerEvent: {}
[162.353901] (-) TimerEvent: {}
[162.454221] (-) TimerEvent: {}
[162.554678] (-) TimerEvent: {}
[162.655671] (-) TimerEvent: {}
[162.755972] (-) TimerEvent: {}
[162.856291] (-) TimerEvent: {}
[162.871771] (micro_ros_agent) StdoutLine: {'line': b'[ 59%] \x1b[32mBuilding CXX object CMakeFiles/microxrcedds_agent.dir/src/cpp/transport/udp/UDPv6AgentLinux.cpp.o\x1b[0m\n'}
[162.956404] (-) TimerEvent: {}
[163.004562] (micro_ros_agent) StdoutLine: {'line': b'[ 61%] \x1b[32mBuilding CXX object CMakeFiles/microxrcedds_agent.dir/src/cpp/transport/tcp/TCPv4AgentLinux.cpp.o\x1b[0m\n'}
[163.056541] (-) TimerEvent: {}
[163.066245] (micro_ros_agent) StdoutLine: {'line': b'[ 64%] \x1b[32mBuilding CXX object CMakeFiles/microxrcedds_agent.dir/src/cpp/transport/tcp/TCPv6AgentLinux.cpp.o\x1b[0m\n'}
[163.156663] (-) TimerEvent: {}
[163.256995] (-) TimerEvent: {}
[163.357311] (-) TimerEvent: {}
[163.432681] (micro_ros_agent) StdoutLine: {'line': b'[ 66%] \x1b[32mBuilding CXX object CMakeFiles/microxrcedds_agent.dir/src/cpp/transport/serial/SerialAgentLinux.cpp.o\x1b[0m\n'}
[163.457424] (-) TimerEvent: {}
[163.557808] (-) TimerEvent: {}
[163.658113] (-) TimerEvent: {}
[163.758517] (-) TimerEvent: {}
[163.834793] (micro_ros_agent) StdoutLine: {'line': b'[ 69%] \x1b[32mBuilding CXX object CMakeFiles/microxrcedds_agent.dir/src/cpp/transport/serial/TermiosAgentLinux.cpp.o\x1b[0m\n'}
[163.858631] (-) TimerEvent: {}
[163.960309] (-) TimerEvent: {}
[164.064849] (-) TimerEvent: {}
[164.165158] (-) TimerEvent: {}
[164.265697] (-) TimerEvent: {}
[164.366043] (-) TimerEvent: {}
[164.466369] (-) TimerEvent: {}
[164.566682] (-) TimerEvent: {}
[164.666995] (-) TimerEvent: {}
[164.767661] (-) TimerEvent: {}
[164.868682] (-) TimerEvent: {}
[164.968992] (-) TimerEvent: {}
[164.973356] (micro_ros_agent) StdoutLine: {'line': b'[ 71%] \x1b[32mBuilding CXX object CMakeFiles/microxrcedds_agent.dir/src/cpp/transport/serial/MultiSerialAgentLinux.cpp.o\x1b[0m\n'}
[165.009158] (micro_ros_agent) StdoutLine: {'line': b'[ 73%] \x1b[32mBuilding CXX object CMakeFiles/microxrcedds_agent.dir/src/cpp/transport/serial/MultiTermiosAgentLinux.cpp.o\x1b[0m\n'}
[165.069682] (-) TimerEvent: {}
[165.170012] (-) TimerEvent: {}
[165.270353] (-) TimerEvent: {}
[165.371676] (-) TimerEvent: {}
[165.472006] (-) TimerEvent: {}
[165.572328] (-) TimerEvent: {}
[165.672651] (-) TimerEvent: {}
[165.773675] (-) TimerEvent: {}
[165.874002] (-) TimerEvent: {}
[165.974330] (-) TimerEvent: {}
[166.076681] (-) TimerEvent: {}
[166.177031] (-) TimerEvent: {}
[166.277402] (-) TimerEvent: {}
[166.315774] (micro_ros_agent) StdoutLine: {'line': b'[ 76%] \x1b[32mBuilding CXX object CMakeFiles/microxrcedds_agent.dir/src/cpp/transport/serial/PseudoTerminalAgentLinux.cpp.o\x1b[0m\n'}
[166.377525] (-) TimerEvent: {}
[166.477892] (-) TimerEvent: {}
[166.581380] (-) TimerEvent: {}
[166.683115] (-) TimerEvent: {}
[166.739689] (micro_ros_agent) StdoutLine: {'line': b'[ 78%] \x1b[32mBuilding CXX object CMakeFiles/microxrcedds_agent.dir/src/cpp/transport/can/CanAgentLinux.cpp.o\x1b[0m\n'}
[166.783239] (-) TimerEvent: {}
[166.883596] (-) TimerEvent: {}
[166.983968] (-) TimerEvent: {}
[167.084324] (-) TimerEvent: {}
[167.184692] (-) TimerEvent: {}
[167.286421] (-) TimerEvent: {}
[167.388857] (-) TimerEvent: {}
[167.466744] (micro_ros_agent) StdoutLine: {'line': b'[ 80%] \x1b[32mBuilding CXX object CMakeFiles/microxrcedds_agent.dir/src/cpp/transport/discovery/DiscoveryServerLinux.cpp.o\x1b[0m\n'}
[167.488981] (-) TimerEvent: {}
[167.591835] (-) TimerEvent: {}
[167.693634] (-) TimerEvent: {}
[167.793983] (-) TimerEvent: {}
[167.894336] (-) TimerEvent: {}
[167.904716] (micro_ros_agent) StdoutLine: {'line': b'[ 83%] \x1b[32mBuilding CXX object CMakeFiles/microxrcedds_agent.dir/src/cpp/transport/discovery/DiscoveryServer.cpp.o\x1b[0m\n'}
[167.994480] (-) TimerEvent: {}
[168.041751] (micro_ros_agent) StdoutLine: {'line': b'[ 85%] \x1b[32mBuilding CXX object CMakeFiles/microxrcedds_agent.dir/src/cpp/types/TopicPubSubType.cpp.o\x1b[0m\n'}
[168.064746] (micro_ros_agent) StdoutLine: {'line': b'[ 88%] \x1b[32mBuilding CXX object CMakeFiles/microxrcedds_agent.dir/src/cpp/xmlobjects/xmlobjects.cpp.o\x1b[0m\n'}
[168.094610] (-) TimerEvent: {}
[168.194956] (-) TimerEvent: {}
[168.295317] (-) TimerEvent: {}
[168.395683] (-) TimerEvent: {}
[168.498865] (-) TimerEvent: {}
[168.599232] (-) TimerEvent: {}
[168.699595] (-) TimerEvent: {}
[168.802856] (-) TimerEvent: {}
[168.844742] (micro_ros_agent) StdoutLine: {'line': b'[ 90%] \x1b[32mBuilding CXX object CMakeFiles/microxrcedds_agent.dir/src/cpp/middleware/fast/FastEntities.cpp.o\x1b[0m\n'}
[168.902974] (-) TimerEvent: {}
[169.003303] (-) TimerEvent: {}
[169.103671] (-) TimerEvent: {}
[169.168265] (micro_ros_agent) StdoutLine: {'line': b'[ 92%] \x1b[32mBuilding CXX object CMakeFiles/microxrcedds_agent.dir/src/cpp/middleware/fast/FastMiddleware.cpp.o\x1b[0m\n'}
[169.203794] (-) TimerEvent: {}
[169.264741] (micro_ros_agent) StdoutLine: {'line': b'[ 95%] \x1b[32mBuilding CXX object CMakeFiles/microxrcedds_agent.dir/src/cpp/middleware/fastdds/FastDDSEntities.cpp.o\x1b[0m\n'}
[169.303923] (-) TimerEvent: {}
[169.360756] (micro_ros_agent) StdoutLine: {'line': b'[ 97%] \x1b[32mBuilding CXX object CMakeFiles/microxrcedds_agent.dir/src/cpp/middleware/fastdds/FastDDSMiddleware.cpp.o\x1b[0m\n'}
[169.404042] (-) TimerEvent: {}
[169.504379] (-) TimerEvent: {}
[169.604748] (-) TimerEvent: {}
[169.707865] (-) TimerEvent: {}
[169.808240] (-) TimerEvent: {}
[169.910032] (-) TimerEvent: {}
[170.010375] (-) TimerEvent: {}
[170.110694] (-) TimerEvent: {}
[170.211686] (-) TimerEvent: {}
[170.312029] (-) TimerEvent: {}
[170.412383] (-) TimerEvent: {}
[170.512675] (-) TimerEvent: {}
[170.612944] (-) TimerEvent: {}
[170.713267] (-) TimerEvent: {}
[170.813625] (-) TimerEvent: {}
[170.914127] (-) TimerEvent: {}
[171.014454] (-) TimerEvent: {}
[171.114786] (-) TimerEvent: {}
[171.215108] (-) TimerEvent: {}
[171.315420] (-) TimerEvent: {}
[171.415751] (-) TimerEvent: {}
[171.516063] (-) TimerEvent: {}
[171.616328] (-) TimerEvent: {}
[171.716608] (-) TimerEvent: {}
[171.816965] (-) TimerEvent: {}
[171.917234] (-) TimerEvent: {}
[172.017567] (-) TimerEvent: {}
[172.117830] (-) TimerEvent: {}
[172.218110] (-) TimerEvent: {}
[172.318361] (-) TimerEvent: {}
[172.418608] (-) TimerEvent: {}
[172.518876] (-) TimerEvent: {}
[172.619107] (-) TimerEvent: {}
[172.719404] (-) TimerEvent: {}
[172.819681] (-) TimerEvent: {}
[172.919916] (-) TimerEvent: {}
[173.020158] (-) TimerEvent: {}
[173.120399] (-) TimerEvent: {}
[173.220719] (-) TimerEvent: {}
[173.321018] (-) TimerEvent: {}
[173.421260] (-) TimerEvent: {}
[173.521498] (-) TimerEvent: {}
[173.621761] (-) TimerEvent: {}
[173.722037] (-) TimerEvent: {}
[173.822270] (-) TimerEvent: {}
[173.922567] (-) TimerEvent: {}
[174.022819] (-) TimerEvent: {}
[174.123059] (-) TimerEvent: {}
[174.223319] (-) TimerEvent: {}
[174.323618] (-) TimerEvent: {}
[174.423848] (-) TimerEvent: {}
[174.524084] (-) TimerEvent: {}
[174.624319] (-) TimerEvent: {}
[174.724561] (-) TimerEvent: {}
[174.824799] (-) TimerEvent: {}
[174.925035] (-) TimerEvent: {}
[175.025274] (-) TimerEvent: {}
[175.125506] (-) TimerEvent: {}
[175.225734] (-) TimerEvent: {}
[175.260440] (micro_ros_agent) StdoutLine: {'line': b'[100%] \x1b[32m\x1b[1mLinking CXX shared library libmicroxrcedds_agent.so\x1b[0m\n'}
[175.325872] (-) TimerEvent: {}
[175.426130] (-) TimerEvent: {}
[175.442764] (micro_ros_agent) StdoutLine: {'line': b'[100%] Built target microxrcedds_agent\n'}
[175.460928] (micro_ros_agent) StdoutLine: {'line': b"\x1b[34m\x1b[1mNo install step for 'uagent'\x1b[0m\n"}
[175.478027] (micro_ros_agent) StdoutLine: {'line': b"\x1b[34m\x1b[1mCompleted 'uagent'\x1b[0m\n"}
[175.500388] (micro_ros_agent) StdoutLine: {'line': b'Built target uagent\n'}
[175.518815] (micro_ros_agent) StdoutLine: {'line': b"[ 43%] \x1b[34m\x1b[1mPerforming install step for 'xrceagent'\x1b[0m\n"}
[175.526238] (-) TimerEvent: {}
[175.591222] (micro_ros_agent) StdoutLine: {'line': b'[100%] Built target microxrcedds_agent\n'}
[175.604343] (micro_ros_agent) StdoutLine: {'line': b'\x1b[36mInstall the project...\x1b[0m\n'}
[175.610201] (micro_ros_agent) StdoutLine: {'line': b'-- Install configuration: "Release"\n'}
[175.610329] (micro_ros_agent) StdoutLine: {'line': b'-- Installing: /home/mouha/esp32_led_spacebar/ros2_ws/install/micro_ros_agent/lib/libmicroxrcedds_agent.so.2.4.3\n'}
[175.611906] (micro_ros_agent) StdoutLine: {'line': b'-- Installing: /home/mouha/esp32_led_spacebar/ros2_ws/install/micro_ros_agent/lib/libmicroxrcedds_agent.so.2.4\n'}
[175.612029] (micro_ros_agent) StdoutLine: {'line': b'-- Set non-toolchain portion of runtime path of "/home/mouha/esp32_led_spacebar/ros2_ws/install/micro_ros_agent/lib/libmicroxrcedds_agent.so.2.4.3" to ""\n'}
[175.612083] (micro_ros_agent) StdoutLine: {'line': b'-- Installing: /home/mouha/esp32_led_spacebar/ros2_ws/install/micro_ros_agent/lib/libmicroxrcedds_agent.so\n'}
[175.612149] (micro_ros_agent) StdoutLine: {'line': b'-- Installing: /home/mouha/esp32_led_spacebar/ros2_ws/install/micro_ros_agent/include/uxr/agent\n'}
[175.612198] (micro_ros_agent) StdoutLine: {'line': b'-- Installing: /home/mouha/esp32_led_spacebar/ros2_ws/install/micro_ros_agent/include/uxr/agent/visibility.hpp\n'}
[175.612260] (micro_ros_agent) StdoutLine: {'line': b'-- Installing: /home/mouha/esp32_led_spacebar/ros2_ws/install/micro_ros_agent/include/uxr/agent/client\n'}
[175.612307] (micro_ros_agent) StdoutLine: {'line': b'-- Installing: /home/mouha/esp32_led_spacebar/ros2_ws/install/micro_ros_agent/include/uxr/agent/client/ProxyClient.hpp\n'}
[175.612371] (micro_ros_agent) StdoutLine: {'line': b'-- Installing: /home/mouha/esp32_led_spacebar/ros2_ws/install/micro_ros_agent/include/uxr/agent/client/session\n'}
[175.612427] (micro_ros_agent) StdoutLine: {'line': b'-- Installing: /home/mouha/esp32_led_spacebar/ros2_ws/install/micro_ros_agent/include/uxr/agent/client/session/stream\n'}
[175.612474] (micro_ros_agent) StdoutLine: {'line': b'-- Installing: /home/mouha/esp32_led_spacebar/ros2_ws/install/micro_ros_agent/include/uxr/agent/client/session/stream/OutputStream.hpp\n'}
[175.612535] (micro_ros_agent) StdoutLine: {'line': b'-- Installing: /home/mouha/esp32_led_spacebar/ros2_ws/install/micro_ros_agent/include/uxr/agent/client/session/stream/InputStream.hpp\n'}
[175.612591] (micro_ros_agent) StdoutLine: {'line': b'-- Installing: /home/mouha/esp32_led_spacebar/ros2_ws/install/micro_ros_agent/include/uxr/agent/client/session/Session.hpp\n'}
[175.612643] (micro_ros_agent) StdoutLine: {'line': b'-- Installing: /home/mouha/esp32_led_spacebar/ros2_ws/install/micro_ros_agent/include/uxr/agent/client/session/SessionInfo.hpp\n'}
[175.612711] (micro_ros_agent) StdoutLine: {'line': b'-- Installing: /home/mouha/esp32_led_spacebar/ros2_ws/install/micro_ros_agent/include/uxr/agent/replier\n'}
[175.612781] (micro_ros_agent) StdoutLine: {'line': b'-- Installing: /home/mouha/esp32_led_spacebar/ros2_ws/install/micro_ros_agent/include/uxr/agent/replier/Replier.hpp\n'}
[175.612830] (micro_ros_agent) StdoutLine: {'line': b'-- Installing: /home/mouha/esp32_led_spacebar/ros2_ws/install/micro_ros_agent/include/uxr/agent/transport\n'}
[175.612879] (micro_ros_agent) StdoutLine: {'line': b'-- Installing: /home/mouha/esp32_led_spacebar/ros2_ws/install/micro_ros_agent/include/uxr/agent/transport/can\n'}
[175.612927] (micro_ros_agent) StdoutLine: {'line': b'-- Installing: /home/mouha/esp32_led_spacebar/ros2_ws/install/micro_ros_agent/include/uxr/agent/transport/can/CanAgentLinux.hpp\n'}
[175.612999] (micro_ros_agent) StdoutLine: {'line': b'-- Installing: /home/mouha/esp32_led_spacebar/ros2_ws/install/micro_ros_agent/include/uxr/agent/transport/util\n'}
[175.613049] (micro_ros_agent) StdoutLine: {'line': b'-- Installing: /home/mouha/esp32_led_spacebar/ros2_ws/install/micro_ros_agent/include/uxr/agent/transport/util/InterfaceLinux.hpp\n'}
[175.613097] (micro_ros_agent) StdoutLine: {'line': b'-- Installing: /home/mouha/esp32_led_spacebar/ros2_ws/install/micro_ros_agent/include/uxr/agent/transport/util/InterfaceWindows.hpp\n'}
[175.613144] (micro_ros_agent) StdoutLine: {'line': b'-- Installing: /home/mouha/esp32_led_spacebar/ros2_ws/install/micro_ros_agent/include/uxr/agent/transport/udp\n'}
[175.613191] (micro_ros_agent) StdoutLine: {'line': b'-- Installing: /home/mouha/esp32_led_spacebar/ros2_ws/install/micro_ros_agent/include/uxr/agent/transport/udp/UDPv6AgentLinux.hpp\n'}
[175.613259] (micro_ros_agent) StdoutLine: {'line': b'-- Installing: /home/mouha/esp32_led_spacebar/ros2_ws/install/micro_ros_agent/include/uxr/agent/transport/udp/UDPv4AgentWindows.hpp\n'}
[175.613308] (micro_ros_agent) StdoutLine: {'line': b'-- Installing: /home/mouha/esp32_led_spacebar/ros2_ws/install/micro_ros_agent/include/uxr/agent/transport/udp/UDPv4AgentLinux.hpp\n'}
[175.613356] (micro_ros_agent) StdoutLine: {'line': b'-- Installing: /home/mouha/esp32_led_spacebar/ros2_ws/install/micro_ros_agent/include/uxr/agent/transport/udp/UDPv6AgentWindows.hpp\n'}
[175.613404] (micro_ros_agent) StdoutLine: {'line': b'-- Installing: /home/mouha/esp32_led_spacebar/ros2_ws/install/micro_ros_agent/include/uxr/agent/transport/stream_framing\n'}
[175.613451] (micro_ros_agent) StdoutLine: {'line': b'-- Installing: /home/mouha/esp32_led_spacebar/ros2_ws/install/micro_ros_agent/include/uxr/agent/transport/stream_framing/StreamFramingProtocol.hpp\n'}
[175.613499] (micro_ros_agent) StdoutLine: {'line': b'-- Installing: /home/mouha/esp32_led_spacebar/ros2_ws/install/micro_ros_agent/include/uxr/agent/transport/custom\n'}
[175.613569] (micro_ros_agent) StdoutLine: {'line': b'-- Installing: /home/mouha/esp32_led_spacebar/ros2_ws/install/micro_ros_agent/include/uxr/agent/transport/custom/CustomAgent.hpp\n'}
[175.613621] (micro_ros_agent) StdoutLine: {'line': b'-- Installing: /home/mouha/esp32_led_spacebar/ros2_ws/install/micro_ros_agent/include/uxr/agent/transport/p2p\n'}
[175.613679] (micro_ros_agent) StdoutLine: {'line': b'-- Installing: /home/mouha/esp32_led_spacebar/ros2_ws/install/micro_ros_agent/include/uxr/agent/transport/p2p/AgentDiscovererLinux.hpp\n'}
[175.613727] (micro_ros_agent) StdoutLine: {'line': b'-- Installing: /home/mouha/esp32_led_spacebar/ros2_ws/install/micro_ros_agent/include/uxr/agent/transport/p2p/AgentDiscoverer.hpp\n'}
[175.613775] (micro_ros_agent) StdoutLine: {'line': b'-- Installing: /home/mouha/esp32_led_spacebar/ros2_ws/install/micro_ros_agent/include/uxr/agent/transport/SessionManager.hpp\n'}
[175.613821] (micro_ros_agent) StdoutLine: {'line': b'-- Installing: /home/mouha/esp32_led_spacebar/ros2_ws/install/micro_ros_agent/include/uxr/agent/transport/TransportRc.hpp\n'}
[175.613867] (micro_ros_agent) StdoutLine: {'line': b'-- Installing: /home/mouha/esp32_led_spacebar/ros2_ws/install/micro_ros_agent/include/uxr/agent/transport/serial\n'}
[175.613912] (micro_ros_agent) StdoutLine: {'line': b'-- Installing: /home/mouha/esp32_led_spacebar/ros2_ws/install/micro_ros_agent/include/uxr/agent/transport/serial/TermiosAgentLinux.hpp\n'}
[175.613985] (micro_ros_agent) StdoutLine: {'line': b'-- Installing: /home/mouha/esp32_led_spacebar/ros2_ws/install/micro_ros_agent/include/uxr/agent/transport/serial/baud_rate_table_linux.h\n'}
[175.614032] (micro_ros_agent) StdoutLine: {'line': b'-- Installing: /home/mouha/esp32_led_spacebar/ros2_ws/install/micro_ros_agent/include/uxr/agent/transport/serial/MultiSerialAgentLinux.hpp\n'}
[175.614079] (micro_ros_agent) StdoutLine: {'line': b'-- Installing: /home/mouha/esp32_led_spacebar/ros2_ws/install/micro_ros_agent/include/uxr/agent/transport/serial/SerialAgentLinux.hpp\n'}
[175.614125] (micro_ros_agent) StdoutLine: {'line': b'-- Installing: /home/mouha/esp32_led_spacebar/ros2_ws/install/micro_ros_agent/include/uxr/agent/transport/serial/MultiTermiosAgentLinux.hpp\n'}
[175.614172] (micro_ros_agent) StdoutLine: {'line': b'-- Installing: /home/mouha/esp32_led_spacebar/ros2_ws/install/micro_ros_agent/include/uxr/agent/transport/serial/PseudoTerminalAgentLinux.hpp\n'}
[175.614234] (micro_ros_agent) StdoutLine: {'line': b'-- Installing: /home/mouha/esp32_led_spacebar/ros2_ws/install/micro_ros_agent/include/uxr/agent/transport/Server.hpp\n'}
[175.614288] (micro_ros_agent) StdoutLine: {'line': b'-- Installing: /home/mouha/esp32_led_spacebar/ros2_ws/install/micro_ros_agent/include/uxr/agent/transport/discovery\n'}
[175.614343] (micro_ros_agent) StdoutLine: {'line': b'-- Installing: /home/mouha/esp32_led_spacebar/ros2_ws/install/micro_ros_agent/include/uxr/agent/transport/discovery/DiscoveryServer.hpp\n'}
[175.614391] (micro_ros_agent) StdoutLine: {'line': b'-- Installing: /home/mouha/esp32_led_spacebar/ros2_ws/install/micro_ros_agent/include/uxr/agent/transport/discovery/DiscoveryServerWindows.hpp\n'}
[175.614438] (micro_ros_agent) StdoutLine: {'line': b'-- Installing: /home/mouha/esp32_led_spacebar/ros2_ws/install/micro_ros_agent/include/uxr/agent/transport/discovery/DiscoveryServerLinux.hpp\n'}
[175.614484] (micro_ros_agent) StdoutLine: {'line': b'-- Installing: /home/mouha/esp32_led_spacebar/ros2_ws/install/micro_ros_agent/include/uxr/agent/transport/endpoint\n'}
[175.614531] (micro_ros_agent) StdoutLine: {'line': b'-- Installing: /home/mouha/esp32_led_spacebar/ros2_ws/install/micro_ros_agent/include/uxr/agent/transport/endpoint/SerialEndPoint.hpp\n'}
[175.614576] (micro_ros_agent) StdoutLine: {'line': b'-- Installing: /home/mouha/esp32_led_spacebar/ros2_ws/install/micro_ros_agent/include/uxr/agent/transport/endpoint/IPv6EndPoint.hpp\n'}
[175.614631] (micro_ros_agent) StdoutLine: {'line': b'-- Installing: /home/mouha/esp32_led_spacebar/ros2_ws/install/micro_ros_agent/include/uxr/agent/transport/endpoint/MultiSerialEndPoint.hpp\n'}
[175.614683] (micro_ros_agent) StdoutLine: {'line': b'-- Installing: /home/mouha/esp32_led_spacebar/ros2_ws/install/micro_ros_agent/include/uxr/agent/transport/endpoint/CanEndPoint.hpp\n'}
[175.614745] (micro_ros_agent) StdoutLine: {'line': b'-- Installing: /home/mouha/esp32_led_spacebar/ros2_ws/install/micro_ros_agent/include/uxr/agent/transport/endpoint/CustomEndPoint.hpp\n'}
[175.614824] (micro_ros_agent) StdoutLine: {'line': b'-- Installing: /home/mouha/esp32_led_spacebar/ros2_ws/install/micro_ros_agent/include/uxr/agent/transport/endpoint/IPv4EndPoint.hpp\n'}
[175.614872] (micro_ros_agent) StdoutLine: {'line': b'-- Installing: /home/mouha/esp32_led_spacebar/ros2_ws/install/micro_ros_agent/include/uxr/agent/transport/tcp\n'}
[175.614919] (micro_ros_agent) StdoutLine: {'line': b'-- Installing: /home/mouha/esp32_led_spacebar/ros2_ws/install/micro_ros_agent/include/uxr/agent/transport/tcp/TCPv6AgentLinux.hpp\n'}
[175.614967] (micro_ros_agent) StdoutLine: {'line': b'-- Installing: /home/mouha/esp32_led_spacebar/ros2_ws/install/micro_ros_agent/include/uxr/agent/transport/tcp/TCPServerBase.hpp\n'}
[175.615015] (micro_ros_agent) StdoutLine: {'line': b'-- Installing: /home/mouha/esp32_led_spacebar/ros2_ws/install/micro_ros_agent/include/uxr/agent/transport/tcp/TCPConnection.hpp\n'}
[175.615062] (micro_ros_agent) StdoutLine: {'line': b'-- Installing: /home/mouha/esp32_led_spacebar/ros2_ws/install/micro_ros_agent/include/uxr/agent/transport/tcp/TCPv4AgentWindows.hpp\n'}
[175.615109] (micro_ros_agent) StdoutLine: {'line': b'-- Installing: /home/mouha/esp32_led_spacebar/ros2_ws/install/micro_ros_agent/include/uxr/agent/transport/tcp/TCPv4AgentLinux.hpp\n'}
[175.615156] (micro_ros_agent) StdoutLine: {'line': b'-- Installing: /home/mouha/esp32_led_spacebar/ros2_ws/install/micro_ros_agent/include/uxr/agent/transport/tcp/TCPv6AgentWindows.hpp\n'}
[175.615215] (micro_ros_agent) StdoutLine: {'line': b'-- Installing: /home/mouha/esp32_led_spacebar/ros2_ws/install/micro_ros_agent/include/uxr/agent/object\n'}
[175.615290] (micro_ros_agent) StdoutLine: {'line': b'-- Installing: /home/mouha/esp32_led_spacebar/ros2_ws/install/micro_ros_agent/include/uxr/agent/object/XRCEObject.hpp\n'}
[175.615345] (micro_ros_agent) StdoutLine: {'line': b'-- Installing: /home/mouha/esp32_led_spacebar/ros2_ws/install/micro_ros_agent/include/uxr/agent/Root.hpp\n'}
[175.615393] (micro_ros_agent) StdoutLine: {'line': b'-- Installing: /home/mouha/esp32_led_spacebar/ros2_ws/install/micro_ros_agent/include/uxr/agent/participant\n'}
[175.615439] (micro_ros_agent) StdoutLine: {'line': b'-- Installing: /home/mouha/esp32_led_spacebar/ros2_ws/install/micro_ros_agent/include/uxr/agent/participant/Participant.hpp\n'}
[175.615486] (micro_ros_agent) StdoutLine: {'line': b'-- Installing: /home/mouha/esp32_led_spacebar/ros2_ws/install/micro_ros_agent/include/uxr/agent/requester\n'}
[175.615534] (micro_ros_agent) StdoutLine: {'line': b'-- Installing: /home/mouha/esp32_led_spacebar/ros2_ws/install/micro_ros_agent/include/uxr/agent/requester/Requester.hpp\n'}
[175.615580] (micro_ros_agent) StdoutLine: {'line': b'-- Installing: /home/mouha/esp32_led_spacebar/ros2_ws/install/micro_ros_agent/include/uxr/agent/p2p\n'}
[175.615632] (micro_ros_agent) StdoutLine: {'line': b'-- Installing: /home/mouha/esp32_led_spacebar/ros2_ws/install/micro_ros_agent/include/uxr/agent/p2p/InternalClient.hpp\n'}
[175.615680] (micro_ros_agent) StdoutLine: {'line': b'-- Installing: /home/mouha/esp32_led_spacebar/ros2_ws/install/micro_ros_agent/include/uxr/agent/p2p/InternalClientManager.hpp\n'}
[175.615727] (micro_ros_agent) StdoutLine: {'line': b'-- Installing: /home/mouha/esp32_led_spacebar/ros2_ws/install/micro_ros_agent/include/uxr/agent/AgentInstance.hpp\n'}
[175.615815] (micro_ros_agent) StdoutLine: {'line': b'-- Installing: /home/mouha/esp32_led_spacebar/ros2_ws/install/micro_ros_agent/include/uxr/agent/middleware\n'}
[175.615897] (micro_ros_agent) StdoutLine: {'line': b'-- Installing: /home/mouha/esp32_led_spacebar/ros2_ws/install/micro_ros_agent/include/uxr/agent/middleware/Middleware.hpp\n'}
[175.615950] (micro_ros_agent) StdoutLine: {'line': b'-- Installing: /home/mouha/esp32_led_spacebar/ros2_ws/install/micro_ros_agent/include/uxr/agent/middleware/fast\n'}
[175.616031] (micro_ros_agent) StdoutLine: {'line': b'-- Installing: /home/mouha/esp32_led_spacebar/ros2_ws/install/micro_ros_agent/include/uxr/agent/middleware/fast/FastEntities.hpp\n'}
[175.616111] (micro_ros_agent) StdoutLine: {'line': b'-- Installing: /home/mouha/esp32_led_spacebar/ros2_ws/install/micro_ros_agent/include/uxr/agent/middleware/fast/FastMiddleware.hpp\n'}
[175.616169] (micro_ros_agent) StdoutLine: {'line': b'-- Installing: /home/mouha/esp32_led_spacebar/ros2_ws/install/micro_ros_agent/include/uxr/agent/middleware/fastdds\n'}
[175.616225] (micro_ros_agent) StdoutLine: {'line': b'-- Installing: /home/mouha/esp32_led_spacebar/ros2_ws/install/micro_ros_agent/include/uxr/agent/middleware/fastdds/FastDDSEntities.hpp\n'}
[175.616274] (micro_ros_agent) StdoutLine: {'line': b'-- Installing: /home/mouha/esp32_led_spacebar/ros2_ws/install/micro_ros_agent/include/uxr/agent/middleware/fastdds/FastDDSMiddleware.hpp\n'}
[175.616323] (micro_ros_agent) StdoutLine: {'line': b'-- Installing: /home/mouha/esp32_led_spacebar/ros2_ws/install/micro_ros_agent/include/uxr/agent/middleware/utils\n'}
[175.616371] (micro_ros_agent) StdoutLine: {'line': b'-- Installing: /home/mouha/esp32_led_spacebar/ros2_ws/install/micro_ros_agent/include/uxr/agent/middleware/utils/Callbacks.hpp\n'}
[175.616419] (micro_ros_agent) StdoutLine: {'line': b'-- Installing: /home/mouha/esp32_led_spacebar/ros2_ws/install/micro_ros_agent/include/uxr/agent/middleware/ced\n'}
[175.616466] (micro_ros_agent) StdoutLine: {'line': b'-- Installing: /home/mouha/esp32_led_spacebar/ros2_ws/install/micro_ros_agent/include/uxr/agent/middleware/ced/CedMiddleware.hpp\n'}
[175.616515] (micro_ros_agent) StdoutLine: {'line': b'-- Installing: /home/mouha/esp32_led_spacebar/ros2_ws/install/micro_ros_agent/include/uxr/agent/middleware/ced/CedEntities.hpp\n'}
[175.616564] (micro_ros_agent) StdoutLine: {'line': b'-- Installing: /home/mouha/esp32_led_spacebar/ros2_ws/install/micro_ros_agent/include/uxr/agent/datareader\n'}
[175.616641] (micro_ros_agent) StdoutLine: {'line': b'-- Installing: /home/mouha/esp32_led_spacebar/ros2_ws/install/micro_ros_agent/include/uxr/agent/datareader/DataReader.hpp\n'}
[175.616692] (micro_ros_agent) StdoutLine: {'line': b'-- Installing: /home/mouha/esp32_led_spacebar/ros2_ws/install/micro_ros_agent/include/uxr/agent/utils\n'}
[175.616741] (micro_ros_agent) StdoutLine: {'line': b'-- Installing: /home/mouha/esp32_led_spacebar/ros2_ws/install/micro_ros_agent/include/uxr/agent/utils/Time.hpp\n'}
[175.616790] (micro_ros_agent) StdoutLine: {'line': b'-- Installing: /home/mouha/esp32_led_spacebar/ros2_ws/install/micro_ros_agent/include/uxr/agent/utils/TokenBucket.hpp\n'}
[175.616839] (micro_ros_agent) StdoutLine: {'line': b'-- Installing: /home/mouha/esp32_led_spacebar/ros2_ws/install/micro_ros_agent/include/uxr/agent/utils/SharedMutex.hpp\n'}
[175.616887] (micro_ros_agent) StdoutLine: {'line': b'-- Installing: /home/mouha/esp32_led_spacebar/ros2_ws/install/micro_ros_agent/include/uxr/agent/utils/ArgumentParser.hpp\n'}
[175.616936] (micro_ros_agent) StdoutLine: {'line': b'-- Installing: /home/mouha/esp32_led_spacebar/ros2_ws/install/micro_ros_agent/include/uxr/agent/utils/Conversion.hpp\n'}
[175.616984] (micro_ros_agent) StdoutLine: {'line': b'-- Installing: /home/mouha/esp32_led_spacebar/ros2_ws/install/micro_ros_agent/include/uxr/agent/utils/Functions.hpp\n'}
[175.617032] (micro_ros_agent) StdoutLine: {'line': b'-- Installing: /home/mouha/esp32_led_spacebar/ros2_ws/install/micro_ros_agent/include/uxr/agent/utils/Color.hpp\n'}
[175.617080] (micro_ros_agent) StdoutLine: {'line': b'-- Installing: /home/mouha/esp32_led_spacebar/ros2_ws/install/micro_ros_agent/include/uxr/agent/utils/SharedMutexPriority.hpp\n'}
[175.617128] (micro_ros_agent) StdoutLine: {'line': b'-- Installing: /home/mouha/esp32_led_spacebar/ros2_ws/install/micro_ros_agent/include/uxr/agent/utils/SeqNum.hpp\n'}
[175.617177] (micro_ros_agent) StdoutLine: {'line': b'-- Installing: /home/mouha/esp32_led_spacebar/ros2_ws/install/micro_ros_agent/include/uxr/agent/logger\n'}
[175.617226] (micro_ros_agent) StdoutLine: {'line': b'-- Installing: /home/mouha/esp32_led_spacebar/ros2_ws/install/micro_ros_agent/include/uxr/agent/logger/Logger.hpp\n'}
[175.617303] (micro_ros_agent) StdoutLine: {'line': b'-- Installing: /home/mouha/esp32_led_spacebar/ros2_ws/install/micro_ros_agent/include/uxr/agent/datawriter\n'}
[175.617352] (micro_ros_agent) StdoutLine: {'line': b'-- Installing: /home/mouha/esp32_led_spacebar/ros2_ws/install/micro_ros_agent/include/uxr/agent/datawriter/DataWriter.hpp\n'}
[175.617402] (micro_ros_agent) StdoutLine: {'line': b'-- Installing: /home/mouha/esp32_led_spacebar/ros2_ws/install/micro_ros_agent/include/uxr/agent/topic\n'}
[175.617450] (micro_ros_agent) StdoutLine: {'line': b'-- Installing: /home/mouha/esp32_led_spacebar/ros2_ws/install/micro_ros_agent/include/uxr/agent/topic/Topic.hpp\n'}
[175.617499] (micro_ros_agent) StdoutLine: {'line': b'-- Installing: /home/mouha/esp32_led_spacebar/ros2_ws/install/micro_ros_agent/include/uxr/agent/scheduler\n'}
[175.617548] (micro_ros_agent) StdoutLine: {'line': b'-- Installing: /home/mouha/esp32_led_spacebar/ros2_ws/install/micro_ros_agent/include/uxr/agent/scheduler/PacketScheduler.hpp\n'}
[175.617597] (micro_ros_agent) StdoutLine: {'line': b'-- Installing: /home/mouha/esp32_led_spacebar/ros2_ws/install/micro_ros_agent/include/uxr/agent/scheduler/Scheduler.hpp\n'}
[175.617673] (micro_ros_agent) StdoutLine: {'line': b'-- Installing: /home/mouha/esp32_led_spacebar/ros2_ws/install/micro_ros_agent/include/uxr/agent/message\n'}
[175.617717] (micro_ros_agent) StdoutLine: {'line': b'-- Installing: /home/mouha/esp32_led_spacebar/ros2_ws/install/micro_ros_agent/include/uxr/agent/message/InputMessage.hpp\n'}
[175.617764] (micro_ros_agent) StdoutLine: {'line': b'-- Installing: /home/mouha/esp32_led_spacebar/ros2_ws/install/micro_ros_agent/include/uxr/agent/message/OutputMessage.hpp\n'}
[175.617811] (micro_ros_agent) StdoutLine: {'line': b'-- Installing: /home/mouha/esp32_led_spacebar/ros2_ws/install/micro_ros_agent/include/uxr/agent/message/Packet.hpp\n'}
[175.617872] (micro_ros_agent) StdoutLine: {'line': b'-- Installing: /home/mouha/esp32_led_spacebar/ros2_ws/install/micro_ros_agent/include/uxr/agent/publisher\n'}
[175.617919] (micro_ros_agent) StdoutLine: {'line': b'-- Installing: /home/mouha/esp32_led_spacebar/ros2_ws/install/micro_ros_agent/include/uxr/agent/publisher/Publisher.hpp\n'}
[175.617975] (micro_ros_agent) StdoutLine: {'line': b'-- Installing: /home/mouha/esp32_led_spacebar/ros2_ws/install/micro_ros_agent/include/uxr/agent/Agent.hpp\n'}
[175.618025] (micro_ros_agent) StdoutLine: {'line': b'-- Installing: /home/mouha/esp32_led_spacebar/ros2_ws/install/micro_ros_agent/include/uxr/agent/subscriber\n'}
[175.618072] (micro_ros_agent) StdoutLine: {'line': b'-- Installing: /home/mouha/esp32_led_spacebar/ros2_ws/install/micro_ros_agent/include/uxr/agent/subscriber/Subscriber.hpp\n'}
[175.618118] (micro_ros_agent) StdoutLine: {'line': b'-- Installing: /home/mouha/esp32_led_spacebar/ros2_ws/install/micro_ros_agent/include/uxr/agent/types\n'}
[175.618166] (micro_ros_agent) StdoutLine: {'line': b'-- Installing: /home/mouha/esp32_led_spacebar/ros2_ws/install/micro_ros_agent/include/uxr/agent/types/Optional.hpp\n'}
[175.618251] (micro_ros_agent) StdoutLine: {'line': b'-- Installing: /home/mouha/esp32_led_spacebar/ros2_ws/install/micro_ros_agent/include/uxr/agent/types/TopicPubSubType.hpp\n'}
[175.618300] (micro_ros_agent) StdoutLine: {'line': b'-- Installing: /home/mouha/esp32_led_spacebar/ros2_ws/install/micro_ros_agent/include/uxr/agent/types/SubMessageHeader.hpp\n'}
[175.618348] (micro_ros_agent) StdoutLine: {'line': b'-- Installing: /home/mouha/esp32_led_spacebar/ros2_ws/install/micro_ros_agent/include/uxr/agent/types/MessageHeader.hpp\n'}
[175.618395] (micro_ros_agent) StdoutLine: {'line': b'-- Installing: /home/mouha/esp32_led_spacebar/ros2_ws/install/micro_ros_agent/include/uxr/agent/types/XRCETypes.hpp\n'}
[175.618443] (micro_ros_agent) StdoutLine: {'line': b'-- Installing: /home/mouha/esp32_led_spacebar/ros2_ws/install/micro_ros_agent/include/uxr/agent/reader\n'}
[175.618490] (micro_ros_agent) StdoutLine: {'line': b'-- Installing: /home/mouha/esp32_led_spacebar/ros2_ws/install/micro_ros_agent/include/uxr/agent/reader/Reader.hpp\n'}
[175.618559] (micro_ros_agent) StdoutLine: {'line': b'-- Installing: /home/mouha/esp32_led_spacebar/ros2_ws/install/micro_ros_agent/include/uxr/agent/processor\n'}
[175.618611] (micro_ros_agent) StdoutLine: {'line': b'-- Installing: /home/mouha/esp32_led_spacebar/ros2_ws/install/micro_ros_agent/include/uxr/agent/processor/Processor.hpp\n'}
[175.618666] (micro_ros_agent) StdoutLine: {'line': b'-- Installing: /home/mouha/esp32_led_spacebar/ros2_ws/install/micro_ros_agent/share/microxrcedds_agent/cmake/microxrcedds_agentTargets.cmake\n'}
[175.618714] (micro_ros_agent) StdoutLine: {'line': b'-- Installing: /home/mouha/esp32_led_spacebar/ros2_ws/install/micro_ros_agent/share/microxrcedds_agent/cmake/microxrcedds_agentTargets-release.cmake\n'}
[175.618764] (micro_ros_agent) StdoutLine: {'line': b'-- Installing: /home/mouha/esp32_led_spacebar/ros2_ws/install/micro_ros_agent/include/uxr/agent/config.hpp\n'}
[175.618809] (micro_ros_agent) StdoutLine: {'line': b'-- Installing: /home/mouha/esp32_led_spacebar/ros2_ws/install/micro_ros_agent/share/microxrcedds_agent/LICENSE\n'}
[175.618852] (micro_ros_agent) StdoutLine: {'line': b'-- Installing: /home/mouha/esp32_led_spacebar/ros2_ws/install/micro_ros_agent/share/microxrcedds_agent/cmake/microxrcedds_agentConfig.cmake\n'}
[175.618897] (micro_ros_agent) StdoutLine: {'line': b'-- Installing: /home/mouha/esp32_led_spacebar/ros2_ws/install/micro_ros_agent/share/microxrcedds_agent/cmake/microxrcedds_agentConfigVersion.cmake\n'}
[175.618941] (micro_ros_agent) StdoutLine: {'line': b'-- Up-to-date: /home/mouha/esp32_led_spacebar/ros2_ws/install/micro_ros_agent\n'}
[175.618985] (micro_ros_agent) StdoutLine: {'line': b'-- Up-to-date: /home/mouha/esp32_led_spacebar/ros2_ws/install/micro_ros_agent/lib\n'}
[175.619030] (micro_ros_agent) StdoutLine: {'line': b'-- Installing: /home/mouha/esp32_led_spacebar/ros2_ws/install/micro_ros_agent/lib/cmake\n'}
[175.619074] (micro_ros_agent) StdoutLine: {'line': b'-- Installing: /home/mouha/esp32_led_spacebar/ros2_ws/install/micro_ros_agent/lib/cmake/spdlog\n'}
[175.619140] (micro_ros_agent) StdoutLine: {'line': b'-- Installing: /home/mouha/esp32_led_spacebar/ros2_ws/install/micro_ros_agent/lib/cmake/spdlog/spdlogConfig.cmake\n'}
[175.619184] (micro_ros_agent) StdoutLine: {'line': b'-- Installing: /home/mouha/esp32_led_spacebar/ros2_ws/install/micro_ros_agent/lib/cmake/spdlog/spdlogConfigTargets.cmake\n'}
[175.619227] (micro_ros_agent) StdoutLine: {'line': b'-- Installing: /home/mouha/esp32_led_spacebar/ros2_ws/install/micro_ros_agent/lib/cmake/spdlog/spdlogConfigVersion.cmake\n'}
[175.619270] (micro_ros_agent) StdoutLine: {'line': b'-- Installing: /home/mouha/esp32_led_spacebar/ros2_ws/install/micro_ros_agent/lib/cmake/spdlog/spdlogConfigTargets-release.cmake\n'}
[175.619315] (micro_ros_agent) StdoutLine: {'line': b'-- Installing: /home/mouha/esp32_led_spacebar/ros2_ws/install/micro_ros_agent/lib/libspdlog.a\n'}
[175.619380] (micro_ros_agent) StdoutLine: {'line': b'-- Installing: /home/mouha/esp32_led_spacebar/ros2_ws/install/micro_ros_agent/lib/pkgconfig\n'}
[175.619439] (micro_ros_agent) StdoutLine: {'line': b'-- Installing: /home/mouha/esp32_led_spacebar/ros2_ws/install/micro_ros_agent/lib/pkgconfig/spdlog.pc\n'}
[175.619503] (micro_ros_agent) StdoutLine: {'line': b'-- Up-to-date: /home/mouha/esp32_led_spacebar/ros2_ws/install/micro_ros_agent/include\n'}
[175.619552] (micro_ros_agent) StdoutLine: {'line': b'-- Installing: /home/mouha/esp32_led_spacebar/ros2_ws/install/micro_ros_agent/include/spdlog\n'}
[175.619626] (micro_ros_agent) StdoutLine: {'line': b'-- Installing: /home/mouha/esp32_led_spacebar/ros2_ws/install/micro_ros_agent/include/spdlog/common.h\n'}
[175.619683] (micro_ros_agent) StdoutLine: {'line': b'-- Installing: /home/mouha/esp32_led_spacebar/ros2_ws/install/micro_ros_agent/include/spdlog/cfg\n'}
[175.619740] (micro_ros_agent) StdoutLine: {'line': b'-- Installing: /home/mouha/esp32_led_spacebar/ros2_ws/install/micro_ros_agent/include/spdlog/cfg/helpers.h\n'}
[175.619807] (micro_ros_agent) StdoutLine: {'line': b'-- Installing: /home/mouha/esp32_led_spacebar/ros2_ws/install/micro_ros_agent/include/spdlog/cfg/argv.h\n'}
[175.619853] (micro_ros_agent) StdoutLine: {'line': b'-- Installing: /home/mouha/esp32_led_spacebar/ros2_ws/install/micro_ros_agent/include/spdlog/cfg/helpers-inl.h\n'}
[175.619909] (micro_ros_agent) StdoutLine: {'line': b'-- Installing: /home/mouha/esp32_led_spacebar/ros2_ws/install/micro_ros_agent/include/spdlog/cfg/env.h\n'}
[175.619956] (micro_ros_agent) StdoutLine: {'line': b'-- Installing: /home/mouha/esp32_led_spacebar/ros2_ws/install/micro_ros_agent/include/spdlog/common-inl.h\n'}
[175.620023] (micro_ros_agent) StdoutLine: {'line': b'-- Installing: /home/mouha/esp32_led_spacebar/ros2_ws/install/micro_ros_agent/include/spdlog/logger.h\n'}
[175.620070] (micro_ros_agent) StdoutLine: {'line': b'-- Installing: /home/mouha/esp32_led_spacebar/ros2_ws/install/micro_ros_agent/include/spdlog/version.h\n'}
[175.620117] (micro_ros_agent) StdoutLine: {'line': b'-- Installing: /home/mouha/esp32_led_spacebar/ros2_ws/install/micro_ros_agent/include/spdlog/fwd.h\n'}
[175.620182] (micro_ros_agent) StdoutLine: {'line': b'-- Installing: /home/mouha/esp32_led_spacebar/ros2_ws/install/micro_ros_agent/include/spdlog/pattern_formatter.h\n'}
[175.620229] (micro_ros_agent) StdoutLine: {'line': b'-- Installing: /home/mouha/esp32_led_spacebar/ros2_ws/install/micro_ros_agent/include/spdlog/async.h\n'}
[175.620275] (micro_ros_agent) StdoutLine: {'line': b'-- Installing: /home/mouha/esp32_led_spacebar/ros2_ws/install/micro_ros_agent/include/spdlog/details\n'}
[175.620321] (micro_ros_agent) StdoutLine: {'line': b'-- Installing: /home/mouha/esp32_led_spacebar/ros2_ws/install/micro_ros_agent/include/spdlog/details/file_helper-inl.h\n'}
[175.620385] (micro_ros_agent) StdoutLine: {'line': b'-- Installing: /home/mouha/esp32_led_spacebar/ros2_ws/install/micro_ros_agent/include/spdlog/details/periodic_worker-inl.h\n'}
[175.620437] (micro_ros_agent) StdoutLine: {'line': b'-- Installing: /home/mouha/esp32_led_spacebar/ros2_ws/install/micro_ros_agent/include/spdlog/details/fmt_helper.h\n'}
[175.620483] (micro_ros_agent) StdoutLine: {'line': b'-- Installing: /home/mouha/esp32_led_spacebar/ros2_ws/install/micro_ros_agent/include/spdlog/details/console_globals.h\n'}
[175.620530] (micro_ros_agent) StdoutLine: {'line': b'-- Installing: /home/mouha/esp32_led_spacebar/ros2_ws/install/micro_ros_agent/include/spdlog/details/thread_pool.h\n'}
[175.620576] (micro_ros_agent) StdoutLine: {'line': b'-- Installing: /home/mouha/esp32_led_spacebar/ros2_ws/install/micro_ros_agent/include/spdlog/details/null_mutex.h\n'}
[175.620646] (micro_ros_agent) StdoutLine: {'line': b'-- Installing: /home/mouha/esp32_led_spacebar/ros2_ws/install/micro_ros_agent/include/spdlog/details/tcp_client-windows.h\n'}
[175.620702] (micro_ros_agent) StdoutLine: {'line': b'-- Installing: /home/mouha/esp32_led_spacebar/ros2_ws/install/micro_ros_agent/include/spdlog/details/mpmc_blocking_q.h\n'}
[175.620756] (micro_ros_agent) StdoutLine: {'line': b'-- Installing: /home/mouha/esp32_led_spacebar/ros2_ws/install/micro_ros_agent/include/spdlog/details/log_msg_buffer.h\n'}
[175.620803] (micro_ros_agent) StdoutLine: {'line': b'-- Installing: /home/mouha/esp32_led_spacebar/ros2_ws/install/micro_ros_agent/include/spdlog/details/file_helper.h\n'}
[175.620850] (micro_ros_agent) StdoutLine: {'line': b'-- Installing: /home/mouha/esp32_led_spacebar/ros2_ws/install/micro_ros_agent/include/spdlog/details/circular_q.h\n'}
[175.620917] (micro_ros_agent) StdoutLine: {'line': b'-- Installing: /home/mouha/esp32_led_spacebar/ros2_ws/install/micro_ros_agent/include/spdlog/details/synchronous_factory.h\n'}
[175.620964] (micro_ros_agent) StdoutLine: {'line': b'-- Installing: /home/mouha/esp32_led_spacebar/ros2_ws/install/micro_ros_agent/include/spdlog/details/thread_pool-inl.h\n'}
[175.621011] (micro_ros_agent) StdoutLine: {'line': b'-- Installing: /home/mouha/esp32_led_spacebar/ros2_ws/install/micro_ros_agent/include/spdlog/details/registry-inl.h\n'}
[175.621072] (micro_ros_agent) StdoutLine: {'line': b'-- Installing: /home/mouha/esp32_led_spacebar/ros2_ws/install/micro_ros_agent/include/spdlog/details/windows_include.h\n'}
[175.621120] (micro_ros_agent) StdoutLine: {'line': b'-- Installing: /home/mouha/esp32_led_spacebar/ros2_ws/install/micro_ros_agent/include/spdlog/details/os.h\n'}
[175.621180] (micro_ros_agent) StdoutLine: {'line': b'-- Installing: /home/mouha/esp32_led_spacebar/ros2_ws/install/micro_ros_agent/include/spdlog/details/log_msg_buffer-inl.h\n'}
[175.621229] (micro_ros_agent) StdoutLine: {'line': b'-- Installing: /home/mouha/esp32_led_spacebar/ros2_ws/install/micro_ros_agent/include/spdlog/details/os-inl.h\n'}
[175.621276] (micro_ros_agent) StdoutLine: {'line': b'-- Installing: /home/mouha/esp32_led_spacebar/ros2_ws/install/micro_ros_agent/include/spdlog/details/log_msg.h\n'}
[175.621323] (micro_ros_agent) StdoutLine: {'line': b'-- Installing: /home/mouha/esp32_led_spacebar/ros2_ws/install/micro_ros_agent/include/spdlog/details/periodic_worker.h\n'}
[175.621370] (micro_ros_agent) StdoutLine: {'line': b'-- Installing: /home/mouha/esp32_led_spacebar/ros2_ws/install/micro_ros_agent/include/spdlog/details/tcp_client.h\n'}
[175.621428] (micro_ros_agent) StdoutLine: {'line': b'-- Installing: /home/mouha/esp32_led_spacebar/ros2_ws/install/micro_ros_agent/include/spdlog/details/registry.h\n'}
[175.621499] (micro_ros_agent) StdoutLine: {'line': b'-- Installing: /home/mouha/esp32_led_spacebar/ros2_ws/install/micro_ros_agent/include/spdlog/details/backtracer-inl.h\n'}
[175.621548] (micro_ros_agent) StdoutLine: {'line': b'-- Installing: /home/mouha/esp32_led_spacebar/ros2_ws/install/micro_ros_agent/include/spdlog/details/log_msg-inl.h\n'}
[175.621595] (micro_ros_agent) StdoutLine: {'line': b'-- Installing: /home/mouha/esp32_led_spacebar/ros2_ws/install/micro_ros_agent/include/spdlog/details/backtracer.h\n'}
[175.621645] (micro_ros_agent) StdoutLine: {'line': b'-- Installing: /home/mouha/esp32_led_spacebar/ros2_ws/install/micro_ros_agent/include/spdlog/formatter.h\n'}
[175.621694] (micro_ros_agent) StdoutLine: {'line': b'-- Installing: /home/mouha/esp32_led_spacebar/ros2_ws/install/micro_ros_agent/include/spdlog/async_logger.h\n'}
[175.621758] (micro_ros_agent) StdoutLine: {'line': b'-- Installing: /home/mouha/esp32_led_spacebar/ros2_ws/install/micro_ros_agent/include/spdlog/spdlog.h\n'}
[175.621816] (micro_ros_agent) StdoutLine: {'line': b'-- Installing: /home/mouha/esp32_led_spacebar/ros2_ws/install/micro_ros_agent/include/spdlog/pattern_formatter-inl.h\n'}
[175.621862] (micro_ros_agent) StdoutLine: {'line': b'-- Installing: /home/mouha/esp32_led_spacebar/ros2_ws/install/micro_ros_agent/include/spdlog/spdlog-inl.h\n'}
[175.621909] (micro_ros_agent) StdoutLine: {'line': b'-- Installing: /home/mouha/esp32_led_spacebar/ros2_ws/install/micro_ros_agent/include/spdlog/sinks\n'}
[175.621955] (micro_ros_agent) StdoutLine: {'line': b'-- Installing: /home/mouha/esp32_led_spacebar/ros2_ws/install/micro_ros_agent/include/spdlog/sinks/dist_sink.h\n'}
[175.622001] (micro_ros_agent) StdoutLine: {'line': b'-- Installing: /home/mouha/esp32_led_spacebar/ros2_ws/install/micro_ros_agent/include/spdlog/sinks/sink.h\n'}
[175.622047] (micro_ros_agent) StdoutLine: {'line': b'-- Installing: /home/mouha/esp32_led_spacebar/ros2_ws/install/micro_ros_agent/include/spdlog/sinks/ostream_sink.h\n'}
[175.622114] (micro_ros_agent) StdoutLine: {'line': b'-- Installing: /home/mouha/esp32_led_spacebar/ros2_ws/install/micro_ros_agent/include/spdlog/sinks/rotating_file_sink.h\n'}
[175.622162] (micro_ros_agent) StdoutLine: {'line': b'-- Installing: /home/mouha/esp32_led_spacebar/ros2_ws/install/micro_ros_agent/include/spdlog/sinks/rotating_file_sink-inl.h\n'}
[175.622208] (micro_ros_agent) StdoutLine: {'line': b'-- Installing: /home/mouha/esp32_led_spacebar/ros2_ws/install/micro_ros_agent/include/spdlog/sinks/stdout_sinks.h\n'}
[175.622255] (micro_ros_agent) StdoutLine: {'line': b'-- Installing: /home/mouha/esp32_led_spacebar/ros2_ws/install/micro_ros_agent/include/spdlog/sinks/mongo_sink.h\n'}
[175.622318] (micro_ros_agent) StdoutLine: {'line': b'-- Installing: /home/mouha/esp32_led_spacebar/ros2_ws/install/micro_ros_agent/include/spdlog/sinks/stdout_sinks-inl.h\n'}
[175.622364] (micro_ros_agent) StdoutLine: {'line': b'-- Installing: /home/mouha/esp32_led_spacebar/ros2_ws/install/micro_ros_agent/include/spdlog/sinks/base_sink-inl.h\n'}
[175.622411] (micro_ros_agent) StdoutLine: {'line': b'-- Installing: /home/mouha/esp32_led_spacebar/ros2_ws/install/micro_ros_agent/include/spdlog/sinks/wincolor_sink.h\n'}
[175.622458] (micro_ros_agent) StdoutLine: {'line': b'-- Installing: /home/mouha/esp32_led_spacebar/ros2_ws/install/micro_ros_agent/include/spdlog/sinks/stdout_color_sinks-inl.h\n'}
[175.622505] (micro_ros_agent) StdoutLine: {'line': b'-- Installing: /home/mouha/esp32_led_spacebar/ros2_ws/install/micro_ros_agent/include/spdlog/sinks/basic_file_sink-inl.h\n'}
[175.622551] (micro_ros_agent) StdoutLine: {'line': b'-- Installing: /home/mouha/esp32_led_spacebar/ros2_ws/install/micro_ros_agent/include/spdlog/sinks/basic_file_sink.h\n'}
[175.622612] (micro_ros_agent) StdoutLine: {'line': b'-- Installing: /home/mouha/esp32_led_spacebar/ros2_ws/install/micro_ros_agent/include/spdlog/sinks/systemd_sink.h\n'}
[175.622688] (micro_ros_agent) StdoutLine: {'line': b'-- Installing: /home/mouha/esp32_led_spacebar/ros2_ws/install/micro_ros_agent/include/spdlog/sinks/wincolor_sink-inl.h\n'}
[175.622737] (micro_ros_agent) StdoutLine: {'line': b'-- Installing: /home/mouha/esp32_led_spacebar/ros2_ws/install/micro_ros_agent/include/spdlog/sinks/sink-inl.h\n'}
[175.622790] (micro_ros_agent) StdoutLine: {'line': b'-- Installing: /home/mouha/esp32_led_spacebar/ros2_ws/install/micro_ros_agent/include/spdlog/sinks/tcp_sink.h\n'}
[175.622839] (micro_ros_agent) StdoutLine: {'line': b'-- Installing: /home/mouha/esp32_led_spacebar/ros2_ws/install/micro_ros_agent/include/spdlog/sinks/base_sink.h\n'}
[175.622911] (micro_ros_agent) StdoutLine: {'line': b'-- Installing: /home/mouha/esp32_led_spacebar/ros2_ws/install/micro_ros_agent/include/spdlog/sinks/ansicolor_sink.h\n'}
[175.622967] (micro_ros_agent) StdoutLine: {'line': b'-- Installing: /home/mouha/esp32_led_spacebar/ros2_ws/install/micro_ros_agent/include/spdlog/sinks/win_eventlog_sink.h\n'}
[175.623016] (micro_ros_agent) StdoutLine: {'line': b'-- Installing: /home/mouha/esp32_led_spacebar/ros2_ws/install/micro_ros_agent/include/spdlog/sinks/ringbuffer_sink.h\n'}
[175.623063] (micro_ros_agent) StdoutLine: {'line': b'-- Installing: /home/mouha/esp32_led_spacebar/ros2_ws/install/micro_ros_agent/include/spdlog/sinks/msvc_sink.h\n'}
[175.623111] (micro_ros_agent) StdoutLine: {'line': b'-- Installing: /home/mouha/esp32_led_spacebar/ros2_ws/install/micro_ros_agent/include/spdlog/sinks/daily_file_sink.h\n'}
[175.623158] (micro_ros_agent) StdoutLine: {'line': b'-- Installing: /home/mouha/esp32_led_spacebar/ros2_ws/install/micro_ros_agent/include/spdlog/sinks/stdout_color_sinks.h\n'}
[175.623205] (micro_ros_agent) StdoutLine: {'line': b'-- Installing: /home/mouha/esp32_led_spacebar/ros2_ws/install/micro_ros_agent/include/spdlog/sinks/ansicolor_sink-inl.h\n'}
[175.623263] (micro_ros_agent) StdoutLine: {'line': b'-- Installing: /home/mouha/esp32_led_spacebar/ros2_ws/install/micro_ros_agent/include/spdlog/sinks/qt_sinks.h\n'}
[175.623336] (micro_ros_agent) StdoutLine: {'line': b'-- Installing: /home/mouha/esp32_led_spacebar/ros2_ws/install/micro_ros_agent/include/spdlog/sinks/dup_filter_sink.h\n'}
[175.623385] (micro_ros_agent) StdoutLine: {'line': b'-- Installing: /home/mouha/esp32_led_spacebar/ros2_ws/install/micro_ros_agent/include/spdlog/sinks/android_sink.h\n'}
[175.623433] (micro_ros_agent) StdoutLine: {'line': b'-- Installing: /home/mouha/esp32_led_spacebar/ros2_ws/install/micro_ros_agent/include/spdlog/sinks/syslog_sink.h\n'}
[175.623480] (micro_ros_agent) StdoutLine: {'line': b'-- Installing: /home/mouha/esp32_led_spacebar/ros2_ws/install/micro_ros_agent/include/spdlog/sinks/null_sink.h\n'}
[175.623527] (micro_ros_agent) StdoutLine: {'line': b'-- Installing: /home/mouha/esp32_led_spacebar/ros2_ws/install/micro_ros_agent/include/spdlog/sinks/hourly_file_sink.h\n'}
[175.623594] (micro_ros_agent) StdoutLine: {'line': b'-- Installing: /home/mouha/esp32_led_spacebar/ros2_ws/install/micro_ros_agent/include/spdlog/tweakme.h\n'}
[175.623678] (micro_ros_agent) StdoutLine: {'line': b'-- Installing: /home/mouha/esp32_led_spacebar/ros2_ws/install/micro_ros_agent/include/spdlog/stopwatch.h\n'}
[175.623727] (micro_ros_agent) StdoutLine: {'line': b'-- Installing: /home/mouha/esp32_led_spacebar/ros2_ws/install/micro_ros_agent/include/spdlog/async_logger-inl.h\n'}
[175.623775] (micro_ros_agent) StdoutLine: {'line': b'-- Installing: /home/mouha/esp32_led_spacebar/ros2_ws/install/micro_ros_agent/include/spdlog/logger-inl.h\n'}
[175.623819] (micro_ros_agent) StdoutLine: {'line': b'-- Installing: /home/mouha/esp32_led_spacebar/ros2_ws/install/micro_ros_agent/include/spdlog/fmt\n'}
[175.623866] (micro_ros_agent) StdoutLine: {'line': b'-- Installing: /home/mouha/esp32_led_spacebar/ros2_ws/install/micro_ros_agent/include/spdlog/fmt/bundled\n'}
[175.623912] (micro_ros_agent) StdoutLine: {'line': b'-- Installing: /home/mouha/esp32_led_spacebar/ros2_ws/install/micro_ros_agent/include/spdlog/fmt/bundled/ostream.h\n'}
[175.623958] (micro_ros_agent) StdoutLine: {'line': b'-- Installing: /home/mouha/esp32_led_spacebar/ros2_ws/install/micro_ros_agent/include/spdlog/fmt/bundled/compile.h\n'}
[175.624003] (micro_ros_agent) StdoutLine: {'line': b'-- Installing: /home/mouha/esp32_led_spacebar/ros2_ws/install/micro_ros_agent/include/spdlog/fmt/bundled/color.h\n'}
[175.624048] (micro_ros_agent) StdoutLine: {'line': b'-- Installing: /home/mouha/esp32_led_spacebar/ros2_ws/install/micro_ros_agent/include/spdlog/fmt/bundled/chrono.h\n'}
[175.624113] (micro_ros_agent) StdoutLine: {'line': b'-- Installing: /home/mouha/esp32_led_spacebar/ros2_ws/install/micro_ros_agent/include/spdlog/fmt/bundled/core.h\n'}
[175.624159] (micro_ros_agent) StdoutLine: {'line': b'-- Installing: /home/mouha/esp32_led_spacebar/ros2_ws/install/micro_ros_agent/include/spdlog/fmt/bundled/printf.h\n'}
[175.624206] (micro_ros_agent) StdoutLine: {'line': b'-- Installing: /home/mouha/esp32_led_spacebar/ros2_ws/install/micro_ros_agent/include/spdlog/fmt/bundled/xchar.h\n'}
[175.624253] (micro_ros_agent) StdoutLine: {'line': b'-- Installing: /home/mouha/esp32_led_spacebar/ros2_ws/install/micro_ros_agent/include/spdlog/fmt/bundled/args.h\n'}
[175.624299] (micro_ros_agent) StdoutLine: {'line': b'-- Installing: /home/mouha/esp32_led_spacebar/ros2_ws/install/micro_ros_agent/include/spdlog/fmt/bundled/format.h\n'}
[175.624345] (micro_ros_agent) StdoutLine: {'line': b'-- Installing: /home/mouha/esp32_led_spacebar/ros2_ws/install/micro_ros_agent/include/spdlog/fmt/bundled/format-inl.h\n'}
[175.624413] (micro_ros_agent) StdoutLine: {'line': b'-- Installing: /home/mouha/esp32_led_spacebar/ros2_ws/install/micro_ros_agent/include/spdlog/fmt/bundled/os.h\n'}
[175.624460] (micro_ros_agent) StdoutLine: {'line': b'-- Installing: /home/mouha/esp32_led_spacebar/ros2_ws/install/micro_ros_agent/include/spdlog/fmt/bundled/locale.h\n'}
[175.624507] (micro_ros_agent) StdoutLine: {'line': b'-- Installing: /home/mouha/esp32_led_spacebar/ros2_ws/install/micro_ros_agent/include/spdlog/fmt/bundled/ranges.h\n'}
[175.624554] (micro_ros_agent) StdoutLine: {'line': b'-- Installing: /home/mouha/esp32_led_spacebar/ros2_ws/install/micro_ros_agent/include/spdlog/fmt/bin_to_hex.h\n'}
[175.624615] (micro_ros_agent) StdoutLine: {'line': b'-- Installing: /home/mouha/esp32_led_spacebar/ros2_ws/install/micro_ros_agent/include/spdlog/fmt/compile.h\n'}
[175.624665] (micro_ros_agent) StdoutLine: {'line': b'-- Installing: /home/mouha/esp32_led_spacebar/ros2_ws/install/micro_ros_agent/include/spdlog/fmt/chrono.h\n'}
[175.624708] (micro_ros_agent) StdoutLine: {'line': b'-- Installing: /home/mouha/esp32_led_spacebar/ros2_ws/install/micro_ros_agent/include/spdlog/fmt/xchar.h\n'}
[175.624751] (micro_ros_agent) StdoutLine: {'line': b'-- Installing: /home/mouha/esp32_led_spacebar/ros2_ws/install/micro_ros_agent/include/spdlog/fmt/fmt.h\n'}
[175.624797] (micro_ros_agent) StdoutLine: {'line': b'-- Installing: /home/mouha/esp32_led_spacebar/ros2_ws/install/micro_ros_agent/include/spdlog/fmt/ostr.h\n'}
[175.626320] (-) TimerEvent: {}
[175.638000] (micro_ros_agent) StdoutLine: {'line': b"[ 50%] \x1b[34m\x1b[1mCompleted 'xrceagent'\x1b[0m\n"}
[175.660652] (micro_ros_agent) StdoutLine: {'line': b'[ 50%] Built target xrceagent\n'}
[175.675139] (micro_ros_agent) StdoutLine: {'line': b"[ 56%] \x1b[34m\x1b[1mCreating directories for 'micro_ros_agent'\x1b[0m\n"}
[175.692321] (micro_ros_agent) StdoutLine: {'line': b"[ 62%] \x1b[34m\x1b[1mNo download step for 'micro_ros_agent'\x1b[0m\n"}
[175.709110] (micro_ros_agent) StdoutLine: {'line': b"[ 68%] \x1b[34m\x1b[1mNo update step for 'micro_ros_agent'\x1b[0m\n"}
[175.725624] (micro_ros_agent) StdoutLine: {'line': b"[ 75%] \x1b[34m\x1b[1mNo patch step for 'micro_ros_agent'\x1b[0m\n"}
[175.726399] (-) TimerEvent: {}
[175.743494] (micro_ros_agent) StdoutLine: {'line': b"[ 81%] \x1b[34m\x1b[1mPerforming configure step for 'micro_ros_agent'\x1b[0m\n"}
[175.749824] (micro_ros_agent) StdoutLine: {'line': b'loading initial cache file /home/mouha/esp32_led_spacebar/ros2_ws/build/micro_ros_agent/micro_ros_agent-prefix/tmp/micro_ros_agent-cache-.cmake\n'}
[175.754785] (micro_ros_agent) StdoutLine: {'line': b'-- Found ament_cmake: 2.5.6 (/opt/ros/jazzy/share/ament_cmake/cmake)\n'}
[175.826499] (-) TimerEvent: {}
[175.860062] (micro_ros_agent) StdoutLine: {'line': b'-- Found Python3: /usr/bin/python3 (found version "3.12.3") found components: Interpreter \n'}
[175.926677] (-) TimerEvent: {}
[175.989343] (micro_ros_agent) StdoutLine: {'line': b'-- Found OpenSSL: /usr/lib/x86_64-linux-gnu/libcrypto.so (found version "3.0.13")  \n'}
[175.994246] (micro_ros_agent) StdoutLine: {'line': b'-- Performing Test CMAKE_HAVE_LIBC_PTHREAD\n'}
[176.026750] (-) TimerEvent: {}
[176.062405] (micro_ros_agent) StdoutLine: {'line': b'-- Performing Test CMAKE_HAVE_LIBC_PTHREAD - Success\n'}
[176.063134] (micro_ros_agent) StdoutLine: {'line': b'-- Found Threads: TRUE  \n'}
[176.069734] (micro_ros_agent) StdoutLine: {'line': b'-- Found rosidl_cmake: 4.6.7 (/opt/ros/jazzy/share/rosidl_cmake/cmake)\n'}
[176.071718] (micro_ros_agent) StdoutLine: {'line': b'-- Found rosidl_adapter: 4.6.7 (/opt/ros/jazzy/share/rosidl_adapter/cmake)\n'}
[176.080200] (micro_ros_agent) StdoutLine: {'line': b'-- Found fastrtps_cmake_module: 3.6.3 (/opt/ros/jazzy/share/fastrtps_cmake_module/cmake)\n'}
[176.082183] (micro_ros_agent) StdoutLine: {'line': b'-- Found rmw_dds_common: 3.1.1 (/opt/ros/jazzy/share/rmw_dds_common/cmake)\n'}
[176.109950] (micro_ros_agent) StdoutLine: {'line': b'-- Found rosidl_generator_c: 4.6.7 (/opt/ros/jazzy/share/rosidl_generator_c/cmake)\n'}
[176.121234] (micro_ros_agent) StdoutLine: {'line': b'-- Found rosidl_generator_cpp: 4.6.7 (/opt/ros/jazzy/share/rosidl_generator_cpp/cmake)\n'}
[176.126880] (-) TimerEvent: {}
[176.127897] (micro_ros_agent) StdoutLine: {'line': b'-- Using all available rosidl_typesupport_c: rosidl_typesupport_fastrtps_c;rosidl_typesupport_introspection_c\n'}
[176.142902] (micro_ros_agent) StdoutLine: {'line': b'-- Using all available rosidl_typesupport_cpp: rosidl_typesupport_fastrtps_cpp;rosidl_typesupport_introspection_cpp\n'}
[176.157356] (micro_ros_agent) StdoutLine: {'line': b'-- Found rmw_fastrtps_shared_cpp: 8.4.3 (/opt/ros/jazzy/share/rmw_fastrtps_shared_cpp/cmake)\n'}
[176.180704] (micro_ros_agent) StdoutLine: {'line': b'-- Found FastRTPS: /opt/ros/jazzy/include (Required is at least version "2.13") \n'}
[176.182727] (micro_ros_agent) StdoutLine: {'line': b'-- Found ament_lint_auto: 0.17.5 (/opt/ros/jazzy/share/ament_lint_auto/cmake)\n'}
[176.185329] (micro_ros_agent) StdoutLine: {'line': b'-- Found ament_cmake_gtest: 2.5.6 (/opt/ros/jazzy/share/ament_cmake_gtest/cmake)\n'}
[176.185913] (micro_ros_agent) StdoutLine: {'line': b'-- Found micro_ros_msgs: 5.0.2 (/home/mouha/esp32_led_spacebar/ros2_ws/install/micro_ros_msgs/share/micro_ros_msgs/cmake)\n'}
[176.226984] (-) TimerEvent: {}
[176.257557] (micro_ros_agent) StdoutLine: {'line': b'-- Configuring done (0.5s)\n'}
[176.264079] (micro_ros_agent) StdoutLine: {'line': b'-- Generating done (0.0s)\n'}
[176.266444] (micro_ros_agent) StdoutLine: {'line': b'-- Build files have been written to: /home/mouha/esp32_led_spacebar/ros2_ws/build/micro_ros_agent\n'}
[176.283867] (micro_ros_agent) StdoutLine: {'line': b"[ 87%] \x1b[34m\x1b[1mPerforming build step for 'micro_ros_agent'\x1b[0m\n"}
[176.315758] (micro_ros_agent) StdoutLine: {'line': b'[ 83%] \x1b[32mBuilding CXX object CMakeFiles/micro_ros_agent.dir/src/agent/graph_manager/graph_manager.cpp.o\x1b[0m\n'}
[176.315967] (micro_ros_agent) StdoutLine: {'line': b'[ 83%] \x1b[32mBuilding CXX object CMakeFiles/micro_ros_agent.dir/src/main.cpp.o\x1b[0m\n'}
[176.316045] (micro_ros_agent) StdoutLine: {'line': b'[ 83%] \x1b[32mBuilding CXX object CMakeFiles/micro_ros_agent.dir/src/agent/graph_manager/graph_typesupport.cpp.o\x1b[0m\n'}
[176.316117] (micro_ros_agent) StdoutLine: {'line': b'[ 83%] \x1b[32mBuilding CXX object CMakeFiles/micro_ros_agent.dir/src/agent/utils/demangle.cpp.o\x1b[0m\n'}
[176.316187] (micro_ros_agent) StdoutLine: {'line': b'[ 83%] \x1b[32mBuilding CXX object CMakeFiles/micro_ros_agent.dir/src/agent/Agent.cpp.o\x1b[0m\n'}
[176.327095] (-) TimerEvent: {}
[176.427357] (-) TimerEvent: {}
[176.527611] (-) TimerEvent: {}
[176.627845] (-) TimerEvent: {}
[176.728091] (-) TimerEvent: {}
[176.828340] (-) TimerEvent: {}
[176.928607] (-) TimerEvent: {}
[177.028874] (-) TimerEvent: {}
[177.129138] (-) TimerEvent: {}
[177.229393] (-) TimerEvent: {}
[177.329653] (-) TimerEvent: {}
[177.429915] (-) TimerEvent: {}
[177.530174] (-) TimerEvent: {}
[177.630431] (-) TimerEvent: {}
[177.730702] (-) TimerEvent: {}
[177.830945] (-) TimerEvent: {}
[177.931197] (-) TimerEvent: {}
[178.031431] (-) TimerEvent: {}
[178.131685] (-) TimerEvent: {}
[178.231923] (-) TimerEvent: {}
[178.332166] (-) TimerEvent: {}
[178.432397] (-) TimerEvent: {}
[178.532656] (-) TimerEvent: {}
[178.632879] (-) TimerEvent: {}
[178.733116] (-) TimerEvent: {}
[178.833359] (-) TimerEvent: {}
[178.933596] (-) TimerEvent: {}
[179.033817] (-) TimerEvent: {}
[179.056197] (micro_ros_agent) StdoutLine: {'line': b'[100%] \x1b[32m\x1b[1mLinking CXX executable micro_ros_agent\x1b[0m\n'}
[179.133939] (-) TimerEvent: {}
[179.234206] (-) TimerEvent: {}
[179.295421] (micro_ros_agent) StdoutLine: {'line': b'[100%] Built target micro_ros_agent\n'}
[179.312322] (micro_ros_agent) StdoutLine: {'line': b"\x1b[34m\x1b[1mNo install step for 'micro_ros_agent'\x1b[0m\n"}
[179.328228] (micro_ros_agent) StdoutLine: {'line': b"\x1b[34m\x1b[1mCompleted 'micro_ros_agent'\x1b[0m\n"}
[179.334365] (-) TimerEvent: {}
[179.350877] (micro_ros_agent) StdoutLine: {'line': b'Built target micro_ros_agent\n'}
[179.358620] (micro_ros_agent) CommandEnded: {'returncode': 0}
[179.359101] (micro_ros_agent) JobProgress: {'identifier': 'micro_ros_agent', 'progress': 'install'}
[179.359256] (micro_ros_agent) Command: {'cmd': ['/usr/bin/cmake', '--install', '/home/mouha/esp32_led_spacebar/ros2_ws/build/micro_ros_agent'], 'cwd': '/home/mouha/esp32_led_spacebar/ros2_ws/build/micro_ros_agent', 'env': OrderedDict({'GJS_DEBUG_TOPICS': 'JS ERROR;JS LOG', 'XDG_ACTIVATION_TOKEN': 'gnome-shell/Terminator/2487-2-mouha-TUF_TIME2363106', 'LESSOPEN': '| /usr/bin/lesspipe %s', 'GZ_SIM_RESOURCE_PATH': '/opt/ros/jazzy/share', 'LANGUAGE': 'en_GB:en', 'USER': 'mouha', 'LC_TIME': 'en_GB.UTF-8', 'GZ_CONFIG_PATH': '/opt/ros/jazzy/opt/gz_sim_vendor/share/gz:/opt/ros/jazzy/opt/sdformat_vendor/share/gz:/opt/ros/jazzy/opt/gz_gui_vendor/share/gz:/opt/ros/jazzy/opt/gz_transport_vendor/share/gz:/opt/ros/jazzy/opt/gz_rendering_vendor/share/gz:/opt/ros/jazzy/opt/gz_plugin_vendor/share/gz:/opt/ros/jazzy/opt/gz_fuel_tools_vendor/share/gz:/opt/ros/jazzy/opt/gz_msgs_vendor/share/gz:/opt/ros/jazzy/opt/gz_common_vendor/share/gz', 'XDG_SESSION_TYPE': 'wayland', 'STM32CubeMX_PATH': '/home/mouha/STM32CubeMX', 'CLUTTER_DISABLE_MIPMAPPED_TEXT': '1', 'SHLVL': '2', 'LD_LIBRARY_PATH': '/home/mouha/esp32_led_spacebar/ros2_ws/install/micro_ros_msgs/lib:/opt/ros/jazzy/opt/gz_sim_vendor/lib:/opt/ros/jazzy/opt/gz_sensors_vendor/lib:/opt/ros/jazzy/opt/gz_physics_vendor/lib:/opt/ros/jazzy/opt/sdformat_vendor/lib:/opt/ros/jazzy/opt/rviz_ogre_vendor/lib:/opt/ros/jazzy/lib/x86_64-linux-gnu:/opt/ros/jazzy/opt/gz_gui_vendor/lib:/opt/ros/jazzy/opt/gz_transport_vendor/lib:/opt/ros/jazzy/opt/gz_rendering_vendor/lib:/opt/ros/jazzy/opt/gz_plugin_vendor/lib:/opt/ros/jazzy/opt/gz_fuel_tools_vendor/lib:/opt/ros/jazzy/opt/gz_msgs_vendor/lib:/opt/ros/jazzy/opt/gz_common_vendor/lib:/opt/ros/jazzy/opt/gz_math_vendor/lib:/opt/ros/jazzy/opt/gz_utils_vendor/lib:/opt/ros/jazzy/opt/gz_tools_vendor/lib:/opt/ros/jazzy/opt/gz_ogre_next_vendor/lib:/opt/ros/jazzy/opt/gz_dartsim_vendor/lib:/opt/ros/jazzy/opt/gz_cmake_vendor/lib:/opt/ros/jazzy/lib', 'HOME': '/home/mouha', 'OLDPWD': '/home/mouha/esp32_led_spacebar/ros2_ws/src', 'DESKTOP_SESSION': 'ubuntu', 'GIO_LAUNCHED_DESKTOP_FILE': '/usr/share/applications/terminator.desktop', 'ROS_PYTHON_VERSION': '3', 'GNOME_SHELL_SESSION_MODE': 'ubuntu', 'GTK_MODULES': 'gail:atk-bridge', 'LC_MONETARY': 'en_GB.UTF-8', 'MANAGERPID': '2192', 'SYSTEMD_EXEC_PID': '2487', 'GSM_SKIP_SSH_AGENT_WORKAROUND': 'true', 'DBUS_SESSION_BUS_ADDRESS': 'unix:path=/run/user/1000/bus', 'COLORTERM': 'truecolor', 'TERMINATOR_DBUS_NAME': 'net.tenshu.Terminator25ef4b219e3b005583550f2b0f9f990c3', 'GIO_LAUNCHED_DESKTOP_FILE_PID': '7814', 'DEBUGINFOD_URLS': 'https://debuginfod.ubuntu.com', 'IM_CONFIG_PHASE': '1', 'WAYLAND_DISPLAY': 'wayland-0', 'COLCON_PREFIX_PATH': '/home/mouha/esp32_led_spacebar/ros2_ws/install', 'ROS_DISTRO': 'jazzy', 'LOGNAME': 'mouha', 'JOURNAL_STREAM': '10:20923', '_': '/usr/bin/colcon', 'ROS_VERSION': '2', 'MEMORY_PRESSURE_WATCH': '/sys/fs/cgroup/user.slice/user-1000.slice/user@1000.service/session.slice/org.gnome.Shell@wayland.service/memory.pressure', 'XDG_SESSION_CLASS': 'user', 'USERNAME': 'mouha', 'TERM': 'xterm-256color', 'GNOME_DESKTOP_SESSION_ID': 'this-is-deprecated', 'PATH': '/opt/ros/jazzy/opt/gz_msgs_vendor/bin:/opt/ros/jazzy/opt/gz_tools_vendor/bin:/opt/ros/jazzy/opt/gz_ogre_next_vendor/bin:/opt/ros/jazzy/bin:/home/mouha/.local/bin:/usr/local/sbin:/usr/local/bin:/usr/sbin:/usr/bin:/sbin:/bin:/usr/games:/usr/local/games:/snap/bin:/snap/bin', 'SESSION_MANAGER': 'local/mouha-TUF:@/tmp/.ICE-unix/2418,unix/mouha-TUF:/tmp/.ICE-unix/2418', 'INVOCATION_ID': '67e6c3afeb654d8387a8f8aaa2a0514e', 'PAPERSIZE': 'a4', 'XDG_MENU_PREFIX': 'gnome-', 'LC_ADDRESS': 'en_GB.UTF-8', 'GNOME_SETUP_DISPLAY': ':1', 'XDG_RUNTIME_DIR': '/run/user/1000', 'DISPLAY': ':0', 'TERMINATOR_DBUS_PATH': '/net/tenshu/Terminator2', 'LANG': 'en_GB.UTF-8', 'XDG_CURRENT_DESKTOP': 'ubuntu:GNOME', 'LC_TELEPHONE': 'en_GB.UTF-8', 'XMODIFIERS': '@im=ibus', 'XDG_SESSION_DESKTOP': 'ubuntu', 'XAUTHORITY': '/run/user/1000/.mutter-Xwaylandauth.0KO1S3', 'LS_COLORS': 'rs=0:di=01;34:ln=01;36:mh=00:pi=40;33:so=01;35:do=01;35:bd=40;33;01:cd=40;33;01:or=40;31;01:mi=00:su=37;41:sg=30;43:ca=00:tw=30;42:ow=34;42:st=37;44:ex=01;32:*.tar=01;31:*.tgz=01;31:*.arc=01;31:*.arj=01;31:*.taz=01;31:*.lha=01;31:*.lz4=01;31:*.lzh=01;31:*.lzma=01;31:*.tlz=01;31:*.txz=01;31:*.tzo=01;31:*.t7z=01;31:*.zip=01;31:*.z=01;31:*.dz=01;31:*.gz=01;31:*.lrz=01;31:*.lz=01;31:*.lzo=01;31:*.xz=01;31:*.zst=01;31:*.tzst=01;31:*.bz2=01;31:*.bz=01;31:*.tbz=01;31:*.tbz2=01;31:*.tz=01;31:*.deb=01;31:*.rpm=01;31:*.jar=01;31:*.war=01;31:*.ear=01;31:*.sar=01;31:*.rar=01;31:*.alz=01;31:*.ace=01;31:*.zoo=01;31:*.cpio=01;31:*.7z=01;31:*.rz=01;31:*.cab=01;31:*.wim=01;31:*.swm=01;31:*.dwm=01;31:*.esd=01;31:*.avif=01;35:*.jpg=01;35:*.jpeg=01;35:*.mjpg=01;35:*.mjpeg=01;35:*.gif=01;35:*.bmp=01;35:*.pbm=01;35:*.pgm=01;35:*.ppm=01;35:*.tga=01;35:*.xbm=01;35:*.xpm=01;35:*.tif=01;35:*.tiff=01;35:*.png=01;35:*.svg=01;35:*.svgz=01;35:*.mng=01;35:*.pcx=01;35:*.mov=01;35:*.mpg=01;35:*.mpeg=01;35:*.m2v=01;35:*.mkv=01;35:*.webm=01;35:*.webp=01;35:*.ogm=01;35:*.mp4=01;35:*.m4v=01;35:*.mp4v=01;35:*.vob=01;35:*.qt=01;35:*.nuv=01;35:*.wmv=01;35:*.asf=01;35:*.rm=01;35:*.rmvb=01;35:*.flc=01;35:*.avi=01;35:*.fli=01;35:*.flv=01;35:*.gl=01;35:*.dl=01;35:*.xcf=01;35:*.xwd=01;35:*.yuv=01;35:*.cgm=01;35:*.emf=01;35:*.ogv=01;35:*.ogx=01;35:*.aac=00;36:*.au=00;36:*.flac=00;36:*.m4a=00;36:*.mid=00;36:*.midi=00;36:*.mka=00;36:*.mp3=00;36:*.mpc=00;36:*.ogg=00;36:*.ra=00;36:*.wav=00;36:*.oga=00;36:*.opus=00;36:*.spx=00;36:*.xspf=00;36:*~=00;90:*#=00;90:*.bak=00;90:*.crdownload=00;90:*.dpkg-dist=00;90:*.dpkg-new=00;90:*.dpkg-old=00;90:*.dpkg-tmp=00;90:*.old=00;90:*.orig=00;90:*.part=00;90:*.rej=00;90:*.rpmnew=00;90:*.rpmorig=00;90:*.rpmsave=00;90:*.swp=00;90:*.tmp=00;90:*.ucf-dist=00;90:*.ucf-new=00;90:*.ucf-old=00;90:', 'SSH_AUTH_SOCK': '/run/user/1000/keyring/ssh', 'AMENT_PREFIX_PATH': '/home/mouha/esp32_led_spacebar/ros2_ws/install/micro_ros_msgs:/home/mouha/esp32_led_spacebar/ros2_ws/install/micro_ros_setup:/home/mouha/esp32_led_spacebar/ros2_ws/install/esp32_led_teleop:/home/mouha/esp32_led_spacebar/ros2_ws/install/esp32_led_status:/opt/ros/jazzy', 'SHELL': '/bin/bash', 'LC_NAME': 'en_GB.UTF-8', 'TERMINATOR_UUID': 'urn:uuid:26938286-87c2-49d8-a317-f8818f162ffe', 'QT_ACCESSIBILITY': '1', 'GDMSESSION': 'ubuntu', 'LESSCLOSE': '/usr/bin/lesspipe %s %s', 'LC_MEASUREMENT': 'en_GB.UTF-8', 'GJS_DEBUG_OUTPUT': 'stderr', 'LC_IDENTIFICATION': 'en_GB.UTF-8', 'ROS_AUTOMATIC_DISCOVERY_RANGE': 'SUBNET', 'QT_IM_MODULE': 'ibus', 'PWD': '/home/mouha/esp32_led_spacebar/ros2_ws/build/micro_ros_agent', 'LC_ALL': 'en_US.UTF-8', 'XDG_CONFIG_DIRS': '/etc/xdg/xdg-ubuntu:/etc/xdg', 'XDG_DATA_DIRS': '/usr/share/ubuntu:/usr/share/gnome:/usr/local/share/:/usr/share/:/var/lib/snapd/desktop', 'QTWEBENGINE_DICTIONARIES_PATH': '/usr/share/hunspell-bdic/', 'PYTHONPATH': '/home/mouha/esp32_led_spacebar/ros2_ws/install/micro_ros_msgs/lib/python3.12/site-packages:/home/mouha/esp32_led_spacebar/ros2_ws/install/esp32_led_teleop/lib/python3.12/site-packages:/opt/ros/jazzy/lib/python3.12/site-packages', 'LC_NUMERIC': 'en_GB.UTF-8', 'LC_PAPER': 'en_GB.UTF-8', 'COLCON': '1', 'MEMORY_PRESSURE_WRITE': 'c29tZSAyMDAwMDAgMjAwMDAwMAA=', 'VTE_VERSION': '7600', 'CMAKE_PREFIX_PATH': '/home/mouha/esp32_led_spacebar/ros2_ws/install/micro_ros_msgs:/home/mouha/esp32_led_spacebar/ros2_ws/install/micro_ros_setup:/home/mouha/esp32_led_spacebar/ros2_ws/install/esp32_led_status:/opt/ros/jazzy/opt/gz_sim_vendor:/opt/ros/jazzy/opt/gz_sensors_vendor:/opt/ros/jazzy/opt/gz_physics_vendor:/opt/ros/jazzy/opt/sdformat_vendor:/opt/ros/jazzy/opt/gz_gui_vendor:/opt/ros/jazzy/opt/gz_transport_vendor:/opt/ros/jazzy/opt/gz_rendering_vendor:/opt/ros/jazzy/opt/gz_plugin_vendor:/opt/ros/jazzy/opt/gz_fuel_tools_vendor:/opt/ros/jazzy/opt/gz_msgs_vendor:/opt/ros/jazzy/opt/gz_common_vendor:/opt/ros/jazzy/opt/gz_math_vendor:/opt/ros/jazzy/opt/gz_utils_vendor:/opt/ros/jazzy/opt/gz_tools_vendor:/opt/ros/jazzy/opt/gz_ogre_next_vendor:/opt/ros/jazzy/opt/gz_dartsim_vendor:/opt/ros/jazzy/opt/gz_cmake_vendor:/home/mouha/esp32_led_spacebar/ros2_ws/install/esp32_led_teleop:/opt/ros/jazzy'}), 'shell': False}
[179.365119] (micro_ros_agent) StdoutLine: {'line': b'-- Install configuration: ""\n'}
[179.365233] (micro_ros_agent) StdoutLine: {'line': b'-- Installing: /home/mouha/esp32_led_spacebar/ros2_ws/install/micro_ros_agent/share/ament_index/resource_index/package_run_dependencies/micro_ros_agent\n'}
[179.365298] (micro_ros_agent) StdoutLine: {'line': b'-- Installing: /home/mouha/esp32_led_spacebar/ros2_ws/install/micro_ros_agent/share/ament_index/resource_index/parent_prefix_path/micro_ros_agent\n'}
[179.365376] (micro_ros_agent) StdoutLine: {'line': b'-- Installing: /home/mouha/esp32_led_spacebar/ros2_ws/install/micro_ros_agent/share/micro_ros_agent/environment/ament_prefix_path.sh\n'}
[179.365435] (micro_ros_agent) StdoutLine: {'line': b'-- Installing: /home/mouha/esp32_led_spacebar/ros2_ws/install/micro_ros_agent/share/micro_ros_agent/environment/ament_prefix_path.dsv\n'}
[179.365492] (micro_ros_agent) StdoutLine: {'line': b'-- Installing: /home/mouha/esp32_led_spacebar/ros2_ws/install/micro_ros_agent/share/micro_ros_agent/environment/path.sh\n'}
[179.365551] (micro_ros_agent) StdoutLine: {'line': b'-- Installing: /home/mouha/esp32_led_spacebar/ros2_ws/install/micro_ros_agent/share/micro_ros_agent/environment/path.dsv\n'}
[179.365620] (micro_ros_agent) StdoutLine: {'line': b'-- Installing: /home/mouha/esp32_led_spacebar/ros2_ws/install/micro_ros_agent/share/micro_ros_agent/local_setup.bash\n'}
[179.365686] (micro_ros_agent) StdoutLine: {'line': b'-- Installing: /home/mouha/esp32_led_spacebar/ros2_ws/install/micro_ros_agent/share/micro_ros_agent/local_setup.sh\n'}
[179.365757] (micro_ros_agent) StdoutLine: {'line': b'-- Installing: /home/mouha/esp32_led_spacebar/ros2_ws/install/micro_ros_agent/share/micro_ros_agent/local_setup.zsh\n'}
[179.365833] (micro_ros_agent) StdoutLine: {'line': b'-- Installing: /home/mouha/esp32_led_spacebar/ros2_ws/install/micro_ros_agent/share/micro_ros_agent/local_setup.dsv\n'}
[179.365893] (micro_ros_agent) StdoutLine: {'line': b'-- Installing: /home/mouha/esp32_led_spacebar/ros2_ws/install/micro_ros_agent/share/micro_ros_agent/package.dsv\n'}
[179.365958] (micro_ros_agent) StdoutLine: {'line': b'-- Installing: /home/mouha/esp32_led_spacebar/ros2_ws/install/micro_ros_agent/share/ament_index/resource_index/packages/micro_ros_agent\n'}
[179.366028] (micro_ros_agent) StdoutLine: {'line': b'-- Installing: /home/mouha/esp32_led_spacebar/ros2_ws/install/micro_ros_agent/share/micro_ros_agent/cmake/ament_cmake_export_dependencies-extras.cmake\n'}
[179.366086] (micro_ros_agent) StdoutLine: {'line': b'-- Installing: /home/mouha/esp32_led_spacebar/ros2_ws/install/micro_ros_agent/share/micro_ros_agent/cmake/micro_ros_agentConfig.cmake\n'}
[179.366145] (micro_ros_agent) StdoutLine: {'line': b'-- Installing: /home/mouha/esp32_led_spacebar/ros2_ws/install/micro_ros_agent/share/micro_ros_agent/cmake/micro_ros_agentConfig-version.cmake\n'}
[179.366203] (micro_ros_agent) StdoutLine: {'line': b'-- Installing: /home/mouha/esp32_led_spacebar/ros2_ws/install/micro_ros_agent/share/micro_ros_agent/package.xml\n'}
[179.366272] (micro_ros_agent) StdoutLine: {'line': b'-- Installing: /home/mouha/esp32_led_spacebar/ros2_ws/install/micro_ros_agent/lib/micro_ros_agent/micro_ros_agent\n'}
[179.366888] (micro_ros_agent) StdoutLine: {'line': b'-- Set non-toolchain portion of runtime path of "/home/mouha/esp32_led_spacebar/ros2_ws/install/micro_ros_agent/lib/micro_ros_agent/micro_ros_agent" to ""\n'}
[179.366952] (micro_ros_agent) StdoutLine: {'line': b'-- Installing: /home/mouha/esp32_led_spacebar/ros2_ws/install/micro_ros_agent/share/micro_ros_agent/launch\n'}
[179.367012] (micro_ros_agent) StdoutLine: {'line': b'-- Installing: /home/mouha/esp32_led_spacebar/ros2_ws/install/micro_ros_agent/share/micro_ros_agent/launch/micro_ros_agent_launch.py\n'}
[179.367997] (micro_ros_agent) CommandEnded: {'returncode': 0}
[179.376977] (micro_ros_agent) JobEnded: {'identifier': 'micro_ros_agent', 'rc': 0}
[179.377663] (-) EventReactorShutdown: {}
